Order Date,Customer ID,Product Name,Quantity,Total Price,Shipping Fee,Shipping Status,Category,Order Month,Order Day,Order Year,Is Weekend,Shipping Percentage
2023-12-08,CUST0268,Monitor,5,1500,13.31,Returned,Electronics,12,8,2023,False,0.8873333333333334
2023-04-09,CUST0046,Headphones,2,200,6.93,Delivered,Accessories,4,9,2023,True,3.465
2023-08-28,CUST0169,Monitor,1,300,11.31,Returned,Electronics,8,28,2023,False,3.7700000000000005
2023-01-18,CUST0002,Headphones,5,500,12.22,Delivered,Accessories,1,18,2023,False,2.444
2023-01-19,CUST0173,Laptop,3,4500,5.4,Delivered,Electronics,1,19,2023,False,0.12000000000000001
2023-01-11,CUST0147,Smartwatch,2,400,11.26,Delivered,Wearables,1,11,2023,False,2.815
2023-10-23,CUST0262,Smartwatch,1,200,18.38,Delivered,Wearables,10,23,2023,False,9.19
2023-06-15,CUST0159,Keyboard,2,100,15.08,Returned,Accessories,6,15,2023,False,15.079999999999998
2023-02-25,CUST0046,Mouse,1,30,8.22,Returned,Accessories,2,25,2023,True,27.400000000000002
2023-04-23,CUST0023,Headphones,3,300,10.7,Delivered,Accessories,4,23,2023,True,3.5666666666666664
2023-06-01,CUST0201,Headphones,2,200,9.8,Returned,Accessories,6,1,2023,False,4.9
2023-09-13,CUST0283,Mouse,3,90,5.65,Delivered,Accessories,9,13,2023,False,6.277777777777778
2023-02-17,CUST0199,Keyboard,5,250,7.13,Delivered,Accessories,2,17,2023,False,2.852
2023-12-10,CUST0039,Keyboard,4,200,10.91,Returned,Accessories,12,10,2023,True,5.455
2023-06-29,CUST0276,Mouse,1,30,11.36,Delivered,Accessories,6,29,2023,False,37.86666666666667
2023-07-14,CUST0143,Smartwatch,3,600,7.89,Delivered,Wearables,7,14,2023,False,1.315
2023-05-13,CUST0139,Laptop,4,6000,10.92,Delivered,Electronics,5,13,2023,True,0.182
2023-06-09,CUST0210,Smartphone,2,1600,11.44,Returned,Electronics,6,9,2023,False,0.715
2023-06-21,CUST0293,Smartwatch,5,1000,7.16,Delivered,Wearables,6,21,2023,False,0.7160000000000001
2023-11-26,CUST0049,Monitor,4,1200,17.37,Delivered,Electronics,11,26,2023,True,1.4475
2023-11-08,CUST0283,Smartphone,5,4000,12.17,Delivered,Electronics,11,8,2023,False,0.30425
2023-12-27,CUST0196,Mouse,3,90,19.41,Returned,Accessories,12,27,2023,False,21.566666666666666
2023-06-06,CUST0050,Mouse,3,90,6.97,Returned,Accessories,6,6,2023,False,7.7444444444444445
2023-10-28,CUST0007,Headphones,2,200,12.0,Delivered,Accessories,10,28,2023,True,6.0
2023-12-30,CUST0242,Smartphone,4,3200,18.11,Delivered,Electronics,12,30,2023,True,0.5659375
2023-12-04,CUST0042,Keyboard,1,50,9.6,Delivered,Accessories,12,4,2023,False,19.2
2023-02-01,CUST0264,Smartphone,2,1600,11.59,Delivered,Electronics,2,1,2023,False,0.724375
2023-08-14,CUST0053,Smartwatch,1,200,14.9,Delivered,Wearables,8,14,2023,False,7.449999999999999
2023-12-07,CUST0154,Smartphone,1,800,19.22,Delivered,Electronics,12,7,2023,False,2.4025
2023-06-28,CUST0190,Keyboard,4,200,15.31,Delivered,Accessories,6,28,2023,False,7.655000000000001
2023-11-17,CUST0038,Monitor,2,600,12.38,Returned,Electronics,11,17,2023,False,2.0633333333333335
2023-01-25,CUST0288,Laptop,4,6000,12.91,Delivered,Electronics,1,25,2023,False,0.21516666666666667
2023-09-05,CUST0124,Monitor,2,600,18.38,Delivered,Electronics,9,5,2023,False,3.063333333333333
2023-09-17,CUST0298,Headphones,5,500,7.41,Delivered,Accessories,9,17,2023,True,1.482
2023-12-25,CUST0211,Mouse,3,90,11.42,Delivered,Accessories,12,25,2023,False,12.688888888888888
2023-01-14,CUST0060,Laptop,4,6000,7.13,Delivered,Electronics,1,14,2023,True,0.11883333333333333
2023-08-01,CUST0284,Monitor,1,300,6.55,Returned,Electronics,8,1,2023,False,2.183333333333333
2023-02-12,CUST0282,Smartphone,2,1600,9.72,Delivered,Electronics,2,12,2023,True,0.6075
2023-05-18,CUST0205,Monitor,2,600,18.27,Delivered,Electronics,5,18,2023,False,3.045
2023-10-03,CUST0222,Smartphone,2,1600,6.01,Returned,Electronics,10,3,2023,False,0.375625
2023-08-30,CUST0299,Keyboard,2,100,9.57,Returned,Accessories,8,30,2023,False,9.57
2023-09-15,CUST0064,Monitor,1,300,13.82,Returned,Electronics,9,15,2023,False,4.6066666666666665
2023-02-14,CUST0073,Keyboard,4,200,5.32,Delivered,Accessories,2,14,2023,False,2.66
2023-02-27,CUST0154,Keyboard,3,150,7.46,Delivered,Accessories,2,27,2023,False,4.973333333333333
2023-08-13,CUST0081,Monitor,1,300,17.22,Returned,Electronics,8,13,2023,True,5.74
2023-05-09,CUST0247,Headphones,2,200,8.15,Delivered,Accessories,5,9,2023,False,4.075
2023-12-23,CUST0130,Monitor,2,600,9.56,Delivered,Electronics,12,23,2023,True,1.5933333333333335
2023-10-28,CUST0178,Smartwatch,3,600,18.09,Delivered,Wearables,10,28,2023,True,3.015
2023-09-01,CUST0131,Laptop,4,6000,7.01,Delivered,Electronics,9,1,2023,False,0.11683333333333333
2023-04-16,CUST0070,Monitor,3,900,12.58,Returned,Electronics,4,16,2023,True,1.3977777777777778
2023-12-13,CUST0122,Headphones,2,200,13.49,Delivered,Accessories,12,13,2023,False,6.744999999999999
2023-03-27,CUST0168,Monitor,4,1200,18.15,Delivered,Electronics,3,27,2023,False,1.5125
2023-11-16,CUST0176,Laptop,2,3000,7.43,Delivered,Electronics,11,16,2023,False,0.24766666666666665
2023-06-14,CUST0064,Laptop,2,3000,5.42,Returned,Electronics,6,14,2023,False,0.18066666666666667
2023-01-26,CUST0125,Smartphone,5,4000,10.62,Returned,Electronics,1,26,2023,False,0.26549999999999996
2023-12-25,CUST0165,Keyboard,4,200,19.72,Returned,Accessories,12,25,2023,False,9.86
2023-09-29,CUST0057,Keyboard,4,200,12.79,Delivered,Accessories,9,29,2023,False,6.395
2023-03-14,CUST0207,Laptop,1,1500,5.16,Delivered,Electronics,3,14,2023,False,0.344
2023-12-14,CUST0167,Headphones,2,200,11.65,Returned,Accessories,12,14,2023,False,5.825
2023-09-17,CUST0006,Laptop,5,7500,19.69,Delivered,Electronics,9,17,2023,True,0.2625333333333334
2023-08-08,CUST0041,Smartphone,4,3200,17.27,Delivered,Electronics,8,8,2023,False,0.5396875
2023-04-12,CUST0112,Monitor,4,1200,14.88,Delivered,Electronics,4,12,2023,False,1.2400000000000002
2023-02-21,CUST0244,Headphones,3,300,8.49,Delivered,Accessories,2,21,2023,False,2.83
2023-11-03,CUST0218,Headphones,2,200,7.71,Returned,Accessories,11,3,2023,False,3.855
2023-01-16,CUST0073,Monitor,5,1500,13.7,Delivered,Electronics,1,16,2023,False,0.9133333333333333
2023-02-05,CUST0065,Headphones,2,200,13.06,Returned,Accessories,2,5,2023,True,6.529999999999999
2023-02-07,CUST0096,Smartphone,4,3200,11.79,Delivered,Electronics,2,7,2023,False,0.3684375
2023-04-03,CUST0060,Keyboard,4,200,19.12,Returned,Accessories,4,3,2023,False,9.56
2023-10-23,CUST0045,Mouse,1,30,6.17,Delivered,Accessories,10,23,2023,False,20.566666666666666
2023-07-25,CUST0296,Keyboard,2,100,13.82,Delivered,Accessories,7,25,2023,False,13.819999999999999
2023-10-01,CUST0261,Laptop,5,7500,15.95,Returned,Electronics,10,1,2023,True,0.21266666666666664
2023-03-19,CUST0077,Keyboard,5,250,10.89,Delivered,Accessories,3,19,2023,True,4.356
2023-10-05,CUST0227,Keyboard,4,200,9.22,Returned,Accessories,10,5,2023,False,4.61
2023-04-11,CUST0284,Keyboard,3,150,17.76,Delivered,Accessories,4,11,2023,False,11.84
2023-09-11,CUST0245,Mouse,1,30,13.28,Returned,Accessories,9,11,2023,False,44.266666666666666
2023-10-28,CUST0133,Smartphone,1,800,11.29,Returned,Electronics,10,28,2023,True,1.41125
2023-03-16,CUST0179,Keyboard,2,100,19.04,Delivered,Accessories,3,16,2023,False,19.04
2023-11-21,CUST0022,Smartwatch,2,400,10.07,Delivered,Wearables,11,21,2023,False,2.5175
2023-12-03,CUST0269,Laptop,5,7500,6.53,Returned,Electronics,12,3,2023,True,0.08706666666666667
2023-02-08,CUST0181,Smartwatch,3,600,9.82,Delivered,Wearables,2,8,2023,False,1.6366666666666667
2023-12-22,CUST0170,Mouse,5,150,8.64,Delivered,Accessories,12,22,2023,False,5.760000000000001
2023-10-24,CUST0182,Monitor,5,1500,7.77,Delivered,Electronics,10,24,2023,False,0.518
2023-08-20,CUST0219,Mouse,2,60,7.4,Returned,Accessories,8,20,2023,True,12.333333333333334
2023-05-20,CUST0037,Keyboard,4,200,11.41,Returned,Accessories,5,20,2023,True,5.705
2023-02-18,CUST0006,Monitor,3,900,5.66,Delivered,Electronics,2,18,2023,True,0.6288888888888889
2023-08-02,CUST0006,Smartwatch,1,200,13.68,Delivered,Wearables,8,2,2023,False,6.84
2023-04-19,CUST0091,Mouse,1,30,18.29,Delivered,Accessories,4,19,2023,False,60.96666666666667
2023-06-29,CUST0064,Smartphone,5,4000,6.31,Delivered,Electronics,6,29,2023,False,0.15775
2023-03-08,CUST0286,Laptop,1,1500,13.15,Delivered,Electronics,3,8,2023,False,0.8766666666666667
2023-07-04,CUST0288,Headphones,2,200,16.23,Returned,Accessories,7,4,2023,False,8.115
2023-04-23,CUST0019,Keyboard,1,50,14.53,Returned,Accessories,4,23,2023,True,29.059999999999995
2023-03-24,CUST0236,Keyboard,2,100,11.25,Returned,Accessories,3,24,2023,False,11.25
2023-09-11,CUST0159,Keyboard,5,250,11.11,Returned,Accessories,9,11,2023,False,4.444
2023-02-02,CUST0251,Mouse,2,60,18.98,Delivered,Accessories,2,2,2023,False,31.633333333333336
2023-08-13,CUST0159,Headphones,1,100,18.47,Delivered,Accessories,8,13,2023,True,18.47
2023-05-23,CUST0064,Monitor,4,1200,18.5,Returned,Electronics,5,23,2023,False,1.5416666666666667
2023-08-12,CUST0099,Laptop,4,6000,15.74,Returned,Electronics,8,12,2023,True,0.26233333333333336
2023-01-24,CUST0228,Smartphone,4,3200,18.2,Delivered,Electronics,1,24,2023,False,0.56875
2023-12-08,CUST0024,Smartwatch,2,400,17.94,Delivered,Wearables,12,8,2023,False,4.485
2023-09-14,CUST0113,Smartphone,2,1600,16.51,Delivered,Electronics,9,14,2023,False,1.031875
2023-11-12,CUST0192,Smartwatch,4,800,9.97,Delivered,Wearables,11,12,2023,True,1.24625
2023-06-21,CUST0153,Monitor,1,300,6.85,Returned,Electronics,6,21,2023,False,2.283333333333333
2023-05-06,CUST0150,Laptop,3,4500,18.66,Returned,Electronics,5,6,2023,True,0.41466666666666663
2023-01-03,CUST0203,Mouse,1,30,7.78,Delivered,Accessories,1,3,2023,False,25.933333333333337
2023-10-12,CUST0163,Headphones,3,300,6.16,Returned,Accessories,10,12,2023,False,2.0533333333333332
2023-06-26,CUST0203,Laptop,3,4500,6.92,Returned,Electronics,6,26,2023,False,0.15377777777777776
2023-05-26,CUST0223,Mouse,2,60,15.12,Delivered,Accessories,5,26,2023,False,25.2
2023-11-08,CUST0266,Mouse,5,150,16.86,Returned,Accessories,11,8,2023,False,11.24
2023-12-07,CUST0227,Smartphone,3,2400,18.76,Delivered,Electronics,12,7,2023,False,0.7816666666666668
2023-07-06,CUST0289,Laptop,5,7500,6.68,Delivered,Electronics,7,6,2023,False,0.08906666666666667
2023-06-20,CUST0046,Laptop,3,4500,11.69,Delivered,Electronics,6,20,2023,False,0.2597777777777778
2023-02-11,CUST0173,Headphones,1,100,19.28,Returned,Accessories,2,11,2023,True,19.28
2023-02-02,CUST0008,Headphones,5,500,16.04,Delivered,Accessories,2,2,2023,False,3.2079999999999997
2023-03-22,CUST0015,Headphones,3,300,6.08,Returned,Accessories,3,22,2023,False,2.0266666666666664
2023-09-10,CUST0002,Smartphone,1,800,12.64,Returned,Electronics,9,10,2023,True,1.58
2023-02-22,CUST0189,Mouse,1,30,10.92,Delivered,Accessories,2,22,2023,False,36.4
2023-05-20,CUST0137,Smartphone,3,2400,16.82,Delivered,Electronics,5,20,2023,True,0.7008333333333333
2023-06-26,CUST0139,Smartwatch,2,400,9.18,Delivered,Wearables,6,26,2023,False,2.295
2023-04-12,CUST0033,Monitor,2,600,15.3,Delivered,Electronics,4,12,2023,False,2.5500000000000003
2023-10-10,CUST0297,Monitor,2,600,13.84,Delivered,Electronics,10,10,2023,False,2.3066666666666666
2023-05-29,CUST0008,Keyboard,3,150,13.86,Delivered,Accessories,5,29,2023,False,9.24
2023-06-01,CUST0267,Laptop,3,4500,14.23,Returned,Electronics,6,1,2023,False,0.31622222222222224
2023-08-22,CUST0028,Smartwatch,5,1000,6.09,Delivered,Wearables,8,22,2023,False,0.609
2023-05-10,CUST0078,Laptop,3,4500,19.98,Delivered,Electronics,5,10,2023,False,0.44400000000000006
2023-11-06,CUST0003,Smartphone,5,4000,11.1,Delivered,Electronics,11,6,2023,False,0.2775
2023-02-06,CUST0049,Laptop,1,1500,12.63,Returned,Electronics,2,6,2023,False,0.8420000000000001
2023-11-18,CUST0212,Laptop,5,7500,10.18,Delivered,Electronics,11,18,2023,True,0.13573333333333332
2023-01-13,CUST0146,Smartphone,1,800,10.16,Delivered,Electronics,1,13,2023,False,1.27
2023-04-21,CUST0082,Smartwatch,1,200,6.03,Returned,Wearables,4,21,2023,False,3.015
2023-08-02,CUST0036,Keyboard,1,50,6.06,Delivered,Accessories,8,2,2023,False,12.12
2023-02-02,CUST0155,Laptop,2,3000,9.21,Returned,Electronics,2,2,2023,False,0.30700000000000005
2023-03-16,CUST0138,Keyboard,3,150,5.09,Returned,Accessories,3,16,2023,False,3.393333333333333
2023-11-03,CUST0201,Mouse,2,60,8.39,Delivered,Accessories,11,3,2023,False,13.983333333333334
2023-06-04,CUST0197,Mouse,2,60,8.59,Delivered,Accessories,6,4,2023,True,14.316666666666666
2023-12-04,CUST0082,Laptop,1,1500,9.98,Delivered,Electronics,12,4,2023,False,0.6653333333333334
2023-09-26,CUST0091,Laptop,5,7500,7.58,Delivered,Electronics,9,26,2023,False,0.10106666666666667
2023-01-18,CUST0066,Laptop,2,3000,5.69,Returned,Electronics,1,18,2023,False,0.18966666666666668
2023-11-23,CUST0026,Monitor,1,300,16.61,Delivered,Electronics,11,23,2023,False,5.536666666666667
2023-05-03,CUST0078,Smartwatch,4,800,18.89,Returned,Wearables,5,3,2023,False,2.36125
2023-08-27,CUST0281,Keyboard,4,200,19.81,Delivered,Accessories,8,27,2023,True,9.905
2023-01-16,CUST0299,Headphones,5,500,14.5,Returned,Accessories,1,16,2023,False,2.9000000000000004
2023-07-25,CUST0053,Smartwatch,5,1000,16.41,Delivered,Wearables,7,25,2023,False,1.641
2023-11-18,CUST0239,Smartwatch,1,200,7.32,Delivered,Wearables,11,18,2023,True,3.66
2023-12-07,CUST0069,Headphones,3,300,10.81,Returned,Accessories,12,7,2023,False,3.6033333333333335
2023-05-15,CUST0245,Mouse,3,90,13.95,Returned,Accessories,5,15,2023,False,15.5
2023-05-16,CUST0258,Monitor,4,1200,9.55,Delivered,Electronics,5,16,2023,False,0.7958333333333335
2023-03-18,CUST0177,Smartwatch,3,600,13.87,Delivered,Wearables,3,18,2023,True,2.3116666666666665
2023-03-08,CUST0140,Headphones,2,200,10.96,Delivered,Accessories,3,8,2023,False,5.48
2023-09-19,CUST0089,Mouse,3,90,6.45,Delivered,Accessories,9,19,2023,False,7.166666666666667
2023-09-25,CUST0168,Smartphone,2,1600,13.79,Delivered,Electronics,9,25,2023,False,0.861875
2023-10-28,CUST0176,Laptop,3,4500,16.42,Delivered,Electronics,10,28,2023,True,0.36488888888888893
2023-02-21,CUST0089,Monitor,3,900,7.99,Delivered,Electronics,2,21,2023,False,0.8877777777777778
2023-08-28,CUST0281,Keyboard,2,100,6.45,Returned,Accessories,8,28,2023,False,6.45
2023-10-28,CUST0044,Mouse,5,150,16.62,Returned,Accessories,10,28,2023,True,11.080000000000002
2023-11-08,CUST0137,Monitor,5,1500,6.0,Delivered,Electronics,11,8,2023,False,0.4
2023-05-07,CUST0174,Laptop,1,1500,16.34,Delivered,Electronics,5,7,2023,True,1.0893333333333333
2023-10-03,CUST0141,Mouse,1,30,12.22,Delivered,Accessories,10,3,2023,False,40.73333333333334
2023-01-05,CUST0202,Mouse,3,90,5.07,Delivered,Accessories,1,5,2023,False,5.633333333333334
2023-08-22,CUST0259,Laptop,2,3000,7.5,Delivered,Electronics,8,22,2023,False,0.25
2023-11-07,CUST0045,Smartphone,3,2400,15.78,Delivered,Electronics,11,7,2023,False,0.6575
2023-06-24,CUST0168,Keyboard,1,50,15.92,Delivered,Accessories,6,24,2023,True,31.840000000000003
2023-06-06,CUST0027,Keyboard,5,250,11.09,Returned,Accessories,6,6,2023,False,4.436
2023-06-29,CUST0228,Mouse,4,120,18.6,Returned,Accessories,6,29,2023,False,15.5
2023-01-18,CUST0199,Smartphone,4,3200,16.45,Delivered,Electronics,1,18,2023,False,0.5140625
2023-03-04,CUST0065,Headphones,5,500,19.62,Delivered,Accessories,3,4,2023,True,3.9240000000000004
2023-09-11,CUST0146,Laptop,3,4500,8.87,Delivered,Electronics,9,11,2023,False,0.1971111111111111
2023-02-27,CUST0093,Monitor,1,300,16.58,Delivered,Electronics,2,27,2023,False,5.5266666666666655
2023-11-16,CUST0168,Monitor,1,300,14.7,Delivered,Electronics,11,16,2023,False,4.8999999999999995
2023-07-19,CUST0216,Smartphone,2,1600,16.23,Delivered,Electronics,7,19,2023,False,1.014375
2023-04-24,CUST0062,Headphones,4,400,11.4,Returned,Accessories,4,24,2023,False,2.85
2023-05-01,CUST0125,Smartphone,5,4000,19.08,Delivered,Electronics,5,1,2023,False,0.477
2023-06-26,CUST0060,Keyboard,1,50,5.56,Delivered,Accessories,6,26,2023,False,11.12
2023-01-19,CUST0247,Smartphone,1,800,7.11,Delivered,Electronics,1,19,2023,False,0.8887499999999999
2023-05-03,CUST0131,Monitor,1,300,15.92,Delivered,Electronics,5,3,2023,False,5.306666666666667
2023-07-21,CUST0114,Monitor,3,900,18.61,Delivered,Electronics,7,21,2023,False,2.0677777777777777
2023-10-11,CUST0082,Smartphone,4,3200,13.77,Delivered,Electronics,10,11,2023,False,0.4303125
2023-06-15,CUST0184,Mouse,3,90,14.78,Returned,Accessories,6,15,2023,False,16.42222222222222
2023-08-16,CUST0075,Monitor,2,600,13.6,Delivered,Electronics,8,16,2023,False,2.2666666666666666
2023-04-14,CUST0142,Monitor,1,300,15.5,Delivered,Electronics,4,14,2023,False,5.166666666666667
2023-10-24,CUST0076,Headphones,5,500,16.96,Delivered,Accessories,10,24,2023,False,3.392
2023-07-14,CUST0105,Smartwatch,5,1000,12.0,Delivered,Wearables,7,14,2023,False,1.2
2023-12-06,CUST0004,Keyboard,3,150,19.62,Delivered,Accessories,12,6,2023,False,13.08
2023-08-31,CUST0127,Smartwatch,2,400,11.66,Delivered,Wearables,8,31,2023,False,2.915
2023-09-02,CUST0072,Headphones,1,100,11.24,Delivered,Accessories,9,2,2023,True,11.24
2023-04-06,CUST0216,Smartphone,4,3200,6.27,Returned,Electronics,4,6,2023,False,0.1959375
2023-12-29,CUST0156,Smartphone,4,3200,16.09,Delivered,Electronics,12,29,2023,False,0.5028125
2023-06-09,CUST0052,Mouse,4,120,8.24,Returned,Accessories,6,9,2023,False,6.866666666666667
2023-06-14,CUST0226,Smartphone,4,3200,17.91,Delivered,Electronics,6,14,2023,False,0.5596875
2023-07-14,CUST0270,Laptop,1,1500,18.88,Returned,Electronics,7,14,2023,False,1.2586666666666666
2023-04-23,CUST0269,Monitor,5,1500,6.93,Delivered,Electronics,4,23,2023,True,0.462
2023-10-21,CUST0183,Smartphone,3,2400,7.22,Delivered,Electronics,10,21,2023,True,0.30083333333333334
2023-10-09,CUST0205,Keyboard,2,100,5.05,Delivered,Accessories,10,9,2023,False,5.05
2023-05-27,CUST0080,Headphones,1,100,19.84,Delivered,Accessories,5,27,2023,True,19.84
2023-02-01,CUST0208,Laptop,1,1500,16.28,Returned,Electronics,2,1,2023,False,1.0853333333333335
2023-05-07,CUST0186,Mouse,5,150,17.36,Delivered,Accessories,5,7,2023,True,11.573333333333332
2023-03-12,CUST0109,Mouse,1,30,9.59,Delivered,Accessories,3,12,2023,True,31.966666666666665
2023-11-07,CUST0028,Headphones,5,500,16.11,Delivered,Accessories,11,7,2023,False,3.222
2023-09-14,CUST0083,Keyboard,2,100,9.48,Returned,Accessories,9,14,2023,False,9.48
2023-03-19,CUST0027,Monitor,2,600,18.44,Returned,Electronics,3,19,2023,True,3.0733333333333333
2023-10-05,CUST0203,Keyboard,5,250,8.43,Delivered,Accessories,10,5,2023,False,3.372
2023-06-18,CUST0095,Laptop,5,7500,7.38,Returned,Electronics,6,18,2023,True,0.0984
2023-03-16,CUST0204,Smartphone,2,1600,6.45,Delivered,Electronics,3,16,2023,False,0.403125
2023-05-23,CUST0165,Keyboard,1,50,8.97,Returned,Accessories,5,23,2023,False,17.94
2023-11-24,CUST0269,Headphones,3,300,11.64,Returned,Accessories,11,24,2023,False,3.88
2023-08-05,CUST0134,Monitor,5,1500,7.22,Returned,Electronics,8,5,2023,True,0.48133333333333334
2023-01-23,CUST0116,Headphones,2,200,15.13,Delivered,Accessories,1,23,2023,False,7.565000000000001
2023-08-01,CUST0137,Smartphone,3,2400,11.21,Returned,Electronics,8,1,2023,False,0.46708333333333335
2023-04-14,CUST0100,Keyboard,2,100,5.18,Returned,Accessories,4,14,2023,False,5.18
2023-06-22,CUST0282,Smartwatch,3,600,7.93,Delivered,Wearables,6,22,2023,False,1.3216666666666665
2023-04-18,CUST0094,Laptop,1,1500,14.53,Delivered,Electronics,4,18,2023,False,0.9686666666666667
2023-01-28,CUST0194,Mouse,1,30,10.41,Returned,Accessories,1,28,2023,True,34.7
2023-05-08,CUST0174,Smartphone,4,3200,9.45,Returned,Electronics,5,8,2023,False,0.2953125
2023-06-07,CUST0273,Laptop,2,3000,9.01,Delivered,Electronics,6,7,2023,False,0.3003333333333333
2023-02-24,CUST0188,Smartphone,5,4000,6.06,Delivered,Electronics,2,24,2023,False,0.1515
2023-02-16,CUST0109,Keyboard,3,150,11.12,Delivered,Accessories,2,16,2023,False,7.413333333333333
2023-08-07,CUST0081,Smartwatch,3,600,19.89,Returned,Wearables,8,7,2023,False,3.315
2023-04-04,CUST0298,Smartphone,4,3200,18.55,Returned,Electronics,4,4,2023,False,0.5796875
2023-05-01,CUST0189,Monitor,1,300,11.89,Delivered,Electronics,5,1,2023,False,3.9633333333333334
2023-09-28,CUST0092,Smartphone,3,2400,14.12,Delivered,Electronics,9,28,2023,False,0.5883333333333334
2023-12-25,CUST0254,Mouse,2,60,7.56,Delivered,Accessories,12,25,2023,False,12.6
2023-05-06,CUST0150,Headphones,4,400,11.39,Delivered,Accessories,5,6,2023,True,2.8475
2023-08-21,CUST0264,Keyboard,4,200,10.49,Delivered,Accessories,8,21,2023,False,5.245
2023-03-13,CUST0105,Headphones,3,300,17.92,Returned,Accessories,3,13,2023,False,5.973333333333334
2023-02-28,CUST0253,Laptop,1,1500,12.36,Returned,Electronics,2,28,2023,False,0.824
2023-07-26,CUST0188,Monitor,4,1200,8.15,Delivered,Electronics,7,26,2023,False,0.6791666666666667
2023-07-02,CUST0052,Monitor,2,600,19.1,Delivered,Electronics,7,2,2023,True,3.183333333333334
2023-10-17,CUST0204,Smartwatch,5,1000,10.03,Returned,Wearables,10,17,2023,False,1.003
2023-10-18,CUST0180,Monitor,3,900,5.0,Delivered,Electronics,10,18,2023,False,0.5555555555555556
2023-04-06,CUST0189,Laptop,3,4500,9.92,Delivered,Electronics,4,6,2023,False,0.22044444444444447
2023-07-20,CUST0023,Monitor,3,900,18.32,Delivered,Electronics,7,20,2023,False,2.035555555555556
2023-04-08,CUST0263,Smartwatch,1,200,8.82,Returned,Wearables,4,8,2023,True,4.41
2023-01-08,CUST0195,Keyboard,3,150,16.84,Returned,Accessories,1,8,2023,True,11.226666666666667
2023-05-13,CUST0272,Laptop,5,7500,9.45,Returned,Electronics,5,13,2023,True,0.12599999999999997
2023-08-15,CUST0256,Monitor,4,1200,8.25,Returned,Electronics,8,15,2023,False,0.6875
2023-09-18,CUST0131,Smartphone,4,3200,14.61,Delivered,Electronics,9,18,2023,False,0.45656250000000004
2023-02-15,CUST0279,Mouse,1,30,6.08,Returned,Accessories,2,15,2023,False,20.266666666666666
2023-11-28,CUST0250,Smartwatch,2,400,15.94,Delivered,Wearables,11,28,2023,False,3.9849999999999994
2023-07-29,CUST0012,Mouse,3,90,16.49,Delivered,Accessories,7,29,2023,True,18.32222222222222
2023-07-10,CUST0127,Smartphone,4,3200,6.66,Delivered,Electronics,7,10,2023,False,0.20812500000000003
2023-10-25,CUST0128,Monitor,3,900,11.04,Delivered,Electronics,10,25,2023,False,1.2266666666666666
2023-06-12,CUST0155,Headphones,3,300,11.98,Delivered,Accessories,6,12,2023,False,3.9933333333333336
2023-07-22,CUST0115,Headphones,5,500,5.93,Delivered,Accessories,7,22,2023,True,1.186
2023-06-25,CUST0115,Smartwatch,5,1000,19.43,Returned,Wearables,6,25,2023,True,1.9429999999999998
2023-11-29,CUST0282,Smartphone,3,2400,8.23,Returned,Electronics,11,29,2023,False,0.34291666666666665
2023-10-03,CUST0158,Smartphone,1,800,18.58,Returned,Electronics,10,3,2023,False,2.3225
2023-02-06,CUST0088,Laptop,1,1500,13.16,Delivered,Electronics,2,6,2023,False,0.8773333333333333
2023-05-17,CUST0124,Monitor,2,600,8.51,Returned,Electronics,5,17,2023,False,1.4183333333333332
2023-09-23,CUST0055,Smartwatch,2,400,10.82,Returned,Wearables,9,23,2023,True,2.705
2023-12-25,CUST0201,Laptop,3,4500,17.62,Returned,Electronics,12,25,2023,False,0.3915555555555556
2023-02-19,CUST0256,Mouse,5,150,9.07,Delivered,Accessories,2,19,2023,True,6.046666666666667
2023-09-13,CUST0055,Keyboard,1,50,11.27,Returned,Accessories,9,13,2023,False,22.54
2023-11-05,CUST0076,Monitor,4,1200,6.9,Returned,Electronics,11,5,2023,True,0.575
2023-01-15,CUST0273,Monitor,3,900,7.31,Delivered,Electronics,1,15,2023,True,0.8122222222222222
2023-02-27,CUST0022,Mouse,1,30,15.29,Delivered,Accessories,2,27,2023,False,50.96666666666666
2023-05-11,CUST0204,Laptop,2,3000,12.68,Delivered,Electronics,5,11,2023,False,0.4226666666666667
2023-04-16,CUST0194,Mouse,1,30,19.54,Delivered,Accessories,4,16,2023,True,65.13333333333333
2023-03-17,CUST0138,Smartphone,4,3200,17.82,Delivered,Electronics,3,17,2023,False,0.556875
2023-04-11,CUST0071,Mouse,4,120,10.01,Delivered,Accessories,4,11,2023,False,8.341666666666667
2023-10-16,CUST0044,Keyboard,4,200,16.61,Returned,Accessories,10,16,2023,False,8.305
2023-10-16,CUST0273,Headphones,4,400,18.99,Delivered,Accessories,10,16,2023,False,4.7475
2023-02-22,CUST0196,Headphones,4,400,11.4,Delivered,Accessories,2,22,2023,False,2.85
2023-07-17,CUST0212,Mouse,2,60,8.36,Delivered,Accessories,7,17,2023,False,13.933333333333334
2023-06-30,CUST0106,Mouse,5,150,10.03,Delivered,Accessories,6,30,2023,False,6.686666666666666
2023-07-09,CUST0133,Headphones,3,300,15.0,Delivered,Accessories,7,9,2023,True,5.0
2023-05-07,CUST0262,Mouse,4,120,16.05,Returned,Accessories,5,7,2023,True,13.375
2023-03-22,CUST0280,Keyboard,4,200,12.3,Delivered,Accessories,3,22,2023,False,6.15
2023-08-28,CUST0074,Smartwatch,2,400,12.03,Returned,Wearables,8,28,2023,False,3.0075
2023-01-17,CUST0300,Mouse,3,90,11.56,Delivered,Accessories,1,17,2023,False,12.844444444444445
2023-10-16,CUST0027,Laptop,4,6000,11.21,Delivered,Electronics,10,16,2023,False,0.18683333333333335
2023-01-10,CUST0016,Smartphone,1,800,17.43,Delivered,Electronics,1,10,2023,False,2.17875
2023-03-25,CUST0152,Smartphone,3,2400,13.57,Returned,Electronics,3,25,2023,True,0.5654166666666667
2023-01-29,CUST0278,Smartwatch,3,600,10.21,Delivered,Wearables,1,29,2023,True,1.7016666666666669
2023-01-19,CUST0095,Smartphone,5,4000,18.75,Delivered,Electronics,1,19,2023,False,0.46875
2023-09-16,CUST0229,Monitor,1,300,16.7,Delivered,Electronics,9,16,2023,True,5.566666666666666
2023-07-21,CUST0128,Monitor,1,300,14.67,Delivered,Electronics,7,21,2023,False,4.89
2023-03-21,CUST0032,Monitor,5,1500,18.0,Returned,Electronics,3,21,2023,False,1.2
2023-05-03,CUST0283,Keyboard,5,250,10.04,Delivered,Accessories,5,3,2023,False,4.015999999999999
2023-01-24,CUST0238,Keyboard,4,200,10.23,Delivered,Accessories,1,24,2023,False,5.115
2023-12-01,CUST0144,Smartphone,5,4000,10.52,Delivered,Electronics,12,1,2023,False,0.263
2023-05-16,CUST0134,Monitor,5,1500,19.72,Delivered,Electronics,5,16,2023,False,1.3146666666666667
2023-05-07,CUST0129,Mouse,2,60,9.19,Delivered,Accessories,5,7,2023,True,15.316666666666665
2023-06-01,CUST0148,Headphones,2,200,19.58,Returned,Accessories,6,1,2023,False,9.79
2023-01-27,CUST0211,Smartphone,5,4000,15.61,Delivered,Electronics,1,27,2023,False,0.39025
2023-09-04,CUST0272,Keyboard,2,100,13.78,Delivered,Accessories,9,4,2023,False,13.780000000000001
2023-11-06,CUST0092,Mouse,5,150,15.68,Delivered,Accessories,11,6,2023,False,10.453333333333333
2023-09-24,CUST0203,Smartwatch,1,200,14.86,Returned,Wearables,9,24,2023,True,7.429999999999999
2023-09-08,CUST0109,Smartwatch,1,200,13.34,Returned,Wearables,9,8,2023,False,6.67
2023-08-28,CUST0204,Laptop,5,7500,5.02,Returned,Electronics,8,28,2023,False,0.06693333333333333
2023-03-18,CUST0291,Smartwatch,4,800,18.56,Delivered,Wearables,3,18,2023,True,2.32
2023-02-02,CUST0153,Headphones,5,500,14.22,Delivered,Accessories,2,2,2023,False,2.844
2023-03-15,CUST0220,Headphones,5,500,13.85,Returned,Accessories,3,15,2023,False,2.77
2023-12-27,CUST0245,Smartphone,2,1600,19.63,Delivered,Electronics,12,27,2023,False,1.226875
2023-09-23,CUST0228,Smartphone,1,800,5.64,Delivered,Electronics,9,23,2023,True,0.705
2023-06-08,CUST0106,Laptop,5,7500,15.14,Delivered,Electronics,6,8,2023,False,0.2018666666666667
2023-09-13,CUST0174,Mouse,4,120,14.02,Returned,Accessories,9,13,2023,False,11.683333333333334
2023-01-03,CUST0161,Smartwatch,3,600,17.9,Returned,Wearables,1,3,2023,False,2.983333333333333
2023-07-23,CUST0204,Smartphone,1,800,7.77,Returned,Electronics,7,23,2023,True,0.97125
2023-10-08,CUST0062,Smartwatch,2,400,13.02,Delivered,Wearables,10,8,2023,True,3.2549999999999994
2023-02-06,CUST0114,Keyboard,1,50,6.25,Delivered,Accessories,2,6,2023,False,12.5
2023-10-21,CUST0102,Monitor,3,900,9.94,Delivered,Electronics,10,21,2023,True,1.1044444444444443
2023-05-25,CUST0140,Smartphone,1,800,10.36,Returned,Electronics,5,25,2023,False,1.295
2023-04-28,CUST0142,Smartphone,1,800,8.45,Returned,Electronics,4,28,2023,False,1.05625
2023-10-03,CUST0016,Smartphone,2,1600,19.07,Delivered,Electronics,10,3,2023,False,1.191875
2023-11-01,CUST0023,Keyboard,5,250,10.03,Returned,Accessories,11,1,2023,False,4.012
2023-06-30,CUST0008,Mouse,4,120,8.76,Delivered,Accessories,6,30,2023,False,7.3
2023-08-03,CUST0268,Monitor,2,600,5.69,Returned,Electronics,8,3,2023,False,0.9483333333333334
2023-05-26,CUST0162,Headphones,1,100,6.43,Returned,Accessories,5,26,2023,False,6.43
2023-09-19,CUST0121,Smartwatch,5,1000,19.19,Returned,Wearables,9,19,2023,False,1.9190000000000003
2023-06-18,CUST0047,Smartwatch,3,600,10.92,Returned,Wearables,6,18,2023,True,1.82
2023-03-03,CUST0148,Keyboard,5,250,11.17,Delivered,Accessories,3,3,2023,False,4.468
2023-11-18,CUST0251,Smartphone,3,2400,10.65,Delivered,Electronics,11,18,2023,True,0.44375000000000003
2023-08-05,CUST0028,Monitor,1,300,14.36,Delivered,Electronics,8,5,2023,True,4.786666666666666
2023-10-31,CUST0174,Headphones,4,400,11.92,Delivered,Accessories,10,31,2023,False,2.98
2023-08-11,CUST0296,Smartphone,5,4000,13.43,Returned,Electronics,8,11,2023,False,0.33575
2023-11-25,CUST0085,Smartphone,1,800,16.2,Returned,Electronics,11,25,2023,True,2.025
2023-11-21,CUST0281,Laptop,5,7500,7.21,Delivered,Electronics,11,21,2023,False,0.09613333333333333
2023-03-27,CUST0010,Headphones,3,300,7.41,Delivered,Accessories,3,27,2023,False,2.4699999999999998
2023-10-20,CUST0186,Laptop,1,1500,19.04,Delivered,Electronics,10,20,2023,False,1.2693333333333332
2023-11-27,CUST0281,Laptop,2,3000,9.87,Delivered,Electronics,11,27,2023,False,0.329
2023-10-22,CUST0031,Smartphone,5,4000,9.6,Delivered,Electronics,10,22,2023,True,0.24
2023-02-10,CUST0270,Headphones,3,300,13.33,Delivered,Accessories,2,10,2023,False,4.443333333333333
2023-08-11,CUST0039,Smartphone,2,1600,19.2,Delivered,Electronics,8,11,2023,False,1.2
2023-08-13,CUST0063,Keyboard,1,50,17.61,Returned,Accessories,8,13,2023,True,35.22
2023-05-21,CUST0097,Smartwatch,1,200,17.66,Returned,Wearables,5,21,2023,True,8.83
2023-11-08,CUST0067,Laptop,4,6000,14.45,Delivered,Electronics,11,8,2023,False,0.24083333333333332
2023-06-17,CUST0124,Smartphone,4,3200,19.17,Delivered,Electronics,6,17,2023,True,0.5990625
2023-06-17,CUST0284,Monitor,3,900,19.12,Delivered,Electronics,6,17,2023,True,2.1244444444444444
2023-03-30,CUST0010,Monitor,1,300,9.72,Returned,Electronics,3,30,2023,False,3.2400000000000007
2023-11-01,CUST0276,Monitor,1,300,18.63,Delivered,Electronics,11,1,2023,False,6.21
2023-10-07,CUST0256,Smartphone,3,2400,5.26,Delivered,Electronics,10,7,2023,True,0.21916666666666665
2023-10-21,CUST0221,Mouse,2,60,15.69,Delivered,Accessories,10,21,2023,True,26.150000000000002
2023-11-02,CUST0062,Monitor,3,900,8.58,Returned,Electronics,11,2,2023,False,0.9533333333333333
2023-01-23,CUST0219,Headphones,1,100,9.55,Delivered,Accessories,1,23,2023,False,9.55
2023-10-18,CUST0053,Keyboard,3,150,11.95,Returned,Accessories,10,18,2023,False,7.966666666666667
2023-08-07,CUST0144,Smartphone,4,3200,7.86,Returned,Electronics,8,7,2023,False,0.245625
2023-01-05,CUST0081,Monitor,5,1500,12.67,Delivered,Electronics,1,5,2023,False,0.8446666666666667
2023-07-25,CUST0044,Monitor,2,600,16.31,Delivered,Electronics,7,25,2023,False,2.718333333333333
2023-11-25,CUST0055,Smartwatch,3,600,18.24,Returned,Wearables,11,25,2023,True,3.0399999999999996
2023-05-18,CUST0272,Mouse,3,90,11.88,Returned,Accessories,5,18,2023,False,13.200000000000001
2023-10-16,CUST0126,Mouse,2,60,5.53,Delivered,Accessories,10,16,2023,False,9.216666666666667
2023-03-27,CUST0167,Smartwatch,3,600,8.01,Delivered,Wearables,3,27,2023,False,1.335
2023-10-25,CUST0043,Mouse,4,120,19.24,Delivered,Accessories,10,25,2023,False,16.03333333333333
2023-09-21,CUST0201,Monitor,2,600,7.0,Delivered,Electronics,9,21,2023,False,1.1666666666666667
2023-02-22,CUST0028,Laptop,1,1500,6.62,Delivered,Electronics,2,22,2023,False,0.44133333333333336
2023-08-23,CUST0150,Monitor,3,900,19.87,Delivered,Electronics,8,23,2023,False,2.207777777777778
2023-08-01,CUST0247,Keyboard,2,100,10.09,Delivered,Accessories,8,1,2023,False,10.09
2023-08-06,CUST0058,Monitor,2,600,6.22,Delivered,Electronics,8,6,2023,True,1.0366666666666666
2023-01-01,CUST0281,Laptop,4,6000,7.66,Returned,Electronics,1,1,2023,True,0.12766666666666665
2023-10-02,CUST0041,Smartphone,4,3200,5.82,Returned,Electronics,10,2,2023,False,0.181875
2023-04-29,CUST0204,Monitor,4,1200,18.4,Delivered,Electronics,4,29,2023,True,1.5333333333333332
2023-07-24,CUST0095,Smartwatch,2,400,18.88,Delivered,Wearables,7,24,2023,False,4.72
2023-09-17,CUST0272,Smartwatch,3,600,15.36,Delivered,Wearables,9,17,2023,True,2.5599999999999996
2023-09-26,CUST0069,Monitor,4,1200,16.88,Delivered,Electronics,9,26,2023,False,1.4066666666666667
2023-06-07,CUST0202,Headphones,4,400,19.94,Delivered,Accessories,6,7,2023,False,4.985
2023-03-12,CUST0054,Headphones,1,100,10.32,Delivered,Accessories,3,12,2023,True,10.32
2023-10-24,CUST0187,Keyboard,4,200,7.33,Delivered,Accessories,10,24,2023,False,3.665
2023-12-01,CUST0065,Smartphone,5,4000,6.41,Delivered,Electronics,12,1,2023,False,0.16025
2023-08-16,CUST0019,Smartwatch,1,200,12.86,Delivered,Wearables,8,16,2023,False,6.43
2023-02-13,CUST0054,Keyboard,1,50,13.13,Delivered,Accessories,2,13,2023,False,26.26
2023-11-28,CUST0018,Mouse,2,60,17.21,Delivered,Accessories,11,28,2023,False,28.683333333333334
2023-06-22,CUST0059,Laptop,2,3000,7.81,Returned,Electronics,6,22,2023,False,0.26033333333333336
2023-06-23,CUST0075,Mouse,5,150,5.44,Delivered,Accessories,6,23,2023,False,3.626666666666667
2023-07-28,CUST0129,Smartphone,3,2400,19.63,Delivered,Electronics,7,28,2023,False,0.8179166666666666
2023-10-30,CUST0103,Smartphone,1,800,15.79,Delivered,Electronics,10,30,2023,False,1.97375
2023-11-10,CUST0176,Laptop,3,4500,5.72,Delivered,Electronics,11,10,2023,False,0.12711111111111112
2023-06-03,CUST0178,Smartphone,3,2400,19.31,Delivered,Electronics,6,3,2023,True,0.8045833333333333
2023-06-29,CUST0138,Laptop,4,6000,16.31,Delivered,Electronics,6,29,2023,False,0.2718333333333333
2023-10-06,CUST0152,Mouse,1,30,10.99,Delivered,Accessories,10,6,2023,False,36.63333333333333
2023-08-01,CUST0212,Smartphone,3,2400,16.12,Delivered,Electronics,8,1,2023,False,0.6716666666666666
2023-05-18,CUST0208,Smartwatch,2,400,8.71,Delivered,Wearables,5,18,2023,False,2.1775
2023-05-02,CUST0026,Smartphone,5,4000,12.26,Returned,Electronics,5,2,2023,False,0.3065
2023-11-20,CUST0224,Smartphone,1,800,19.34,Delivered,Electronics,11,20,2023,False,2.4175
2023-08-10,CUST0131,Laptop,2,3000,18.81,Delivered,Electronics,8,10,2023,False,0.627
2023-04-05,CUST0019,Monitor,1,300,14.91,Delivered,Electronics,4,5,2023,False,4.97
2023-04-19,CUST0291,Mouse,1,30,5.6,Delivered,Accessories,4,19,2023,False,18.666666666666664
2023-12-30,CUST0032,Laptop,3,4500,19.69,Delivered,Electronics,12,30,2023,True,0.4375555555555556
2023-11-10,CUST0230,Laptop,4,6000,15.12,Delivered,Electronics,11,10,2023,False,0.25199999999999995
2023-01-14,CUST0285,Headphones,1,100,5.25,Delivered,Accessories,1,14,2023,True,5.25
2023-07-05,CUST0199,Headphones,1,100,18.38,Returned,Accessories,7,5,2023,False,18.38
2023-11-06,CUST0063,Monitor,4,1200,15.57,Delivered,Electronics,11,6,2023,False,1.2975
2023-01-20,CUST0178,Laptop,5,7500,8.03,Delivered,Electronics,1,20,2023,False,0.10706666666666666
2023-05-06,CUST0210,Monitor,5,1500,16.68,Returned,Electronics,5,6,2023,True,1.1119999999999999
2023-10-21,CUST0105,Headphones,2,200,12.44,Delivered,Accessories,10,21,2023,True,6.22
2023-12-30,CUST0198,Monitor,3,900,6.39,Returned,Electronics,12,30,2023,True,0.71
2023-07-10,CUST0241,Keyboard,1,50,11.72,Delivered,Accessories,7,10,2023,False,23.44
2023-02-05,CUST0052,Mouse,4,120,14.27,Delivered,Accessories,2,5,2023,True,11.891666666666666
2023-02-03,CUST0258,Laptop,3,4500,15.91,Returned,Electronics,2,3,2023,False,0.35355555555555557
2023-11-22,CUST0123,Laptop,5,7500,16.01,Delivered,Electronics,11,22,2023,False,0.21346666666666672
2023-06-03,CUST0285,Smartphone,3,2400,19.44,Delivered,Electronics,6,3,2023,True,0.8100000000000002
2023-04-26,CUST0279,Mouse,3,90,7.34,Returned,Accessories,4,26,2023,False,8.155555555555555
2023-03-13,CUST0052,Headphones,3,300,13.21,Delivered,Accessories,3,13,2023,False,4.403333333333333
2023-01-11,CUST0200,Laptop,5,7500,11.03,Returned,Electronics,1,11,2023,False,0.14706666666666665
2023-04-10,CUST0103,Keyboard,5,250,14.12,Delivered,Accessories,4,10,2023,False,5.648
2023-03-07,CUST0129,Smartwatch,5,1000,10.43,Delivered,Wearables,3,7,2023,False,1.043
2023-08-31,CUST0012,Laptop,1,1500,12.71,Returned,Electronics,8,31,2023,False,0.8473333333333335
2023-01-02,CUST0139,Smartphone,2,1600,12.55,Returned,Electronics,1,2,2023,False,0.784375
2023-10-19,CUST0108,Keyboard,2,100,6.85,Returned,Accessories,10,19,2023,False,6.849999999999999
2023-01-10,CUST0196,Laptop,2,3000,17.23,Returned,Electronics,1,10,2023,False,0.5743333333333334
2023-01-16,CUST0007,Headphones,3,300,19.53,Delivered,Accessories,1,16,2023,False,6.510000000000001
2023-07-23,CUST0118,Smartwatch,3,600,18.62,Delivered,Wearables,7,23,2023,True,3.1033333333333335
2023-12-04,CUST0227,Mouse,5,150,14.71,Delivered,Accessories,12,4,2023,False,9.806666666666668
2023-04-09,CUST0219,Keyboard,2,100,12.46,Delivered,Accessories,4,9,2023,True,12.46
2023-04-25,CUST0297,Monitor,2,600,12.26,Returned,Electronics,4,25,2023,False,2.0433333333333334
2023-02-28,CUST0098,Headphones,4,400,8.84,Delivered,Accessories,2,28,2023,False,2.21
2023-05-09,CUST0284,Smartwatch,5,1000,13.46,Delivered,Wearables,5,9,2023,False,1.346
2023-12-08,CUST0137,Monitor,5,1500,19.39,Returned,Electronics,12,8,2023,False,1.2926666666666669
2023-11-01,CUST0127,Headphones,2,200,5.13,Delivered,Accessories,11,1,2023,False,2.565
2023-06-11,CUST0052,Mouse,2,60,6.23,Delivered,Accessories,6,11,2023,True,10.383333333333335
2023-10-09,CUST0162,Smartwatch,4,800,12.26,Delivered,Wearables,10,9,2023,False,1.5325
2023-09-23,CUST0069,Laptop,4,6000,16.92,Delivered,Electronics,9,23,2023,True,0.28200000000000003
2023-04-06,CUST0011,Smartphone,2,1600,15.8,Delivered,Electronics,4,6,2023,False,0.9875
2023-11-17,CUST0293,Laptop,3,4500,8.53,Returned,Electronics,11,17,2023,False,0.18955555555555556
2023-02-07,CUST0078,Monitor,1,300,7.57,Delivered,Electronics,2,7,2023,False,2.5233333333333334
2023-09-30,CUST0290,Headphones,3,300,5.29,Returned,Accessories,9,30,2023,True,1.7633333333333334
2023-08-18,CUST0130,Smartwatch,3,600,5.65,Delivered,Wearables,8,18,2023,False,0.9416666666666667
2023-01-10,CUST0186,Smartwatch,5,1000,18.29,Delivered,Wearables,1,10,2023,False,1.8290000000000002
2023-03-16,CUST0164,Monitor,3,900,11.22,Delivered,Electronics,3,16,2023,False,1.2466666666666668
2023-09-02,CUST0024,Monitor,2,600,15.59,Returned,Electronics,9,2,2023,True,2.5983333333333336
2023-04-07,CUST0006,Smartwatch,3,600,13.94,Delivered,Wearables,4,7,2023,False,2.3233333333333333
2023-08-16,CUST0124,Monitor,1,300,16.32,Delivered,Electronics,8,16,2023,False,5.44
2023-03-15,CUST0060,Headphones,5,500,18.06,Delivered,Accessories,3,15,2023,False,3.612
2023-03-03,CUST0046,Mouse,1,30,8.96,Returned,Accessories,3,3,2023,False,29.86666666666667
2023-03-03,CUST0280,Smartwatch,4,800,6.43,Returned,Wearables,3,3,2023,False,0.80375
2023-08-10,CUST0012,Headphones,3,300,17.16,Returned,Accessories,8,10,2023,False,5.72
2023-01-25,CUST0095,Mouse,3,90,18.42,Delivered,Accessories,1,25,2023,False,20.46666666666667
2023-09-19,CUST0279,Mouse,2,60,11.28,Returned,Accessories,9,19,2023,False,18.8
2023-09-13,CUST0158,Monitor,4,1200,6.91,Delivered,Electronics,9,13,2023,False,0.5758333333333333
2023-11-06,CUST0193,Keyboard,4,200,17.18,Delivered,Accessories,11,6,2023,False,8.59
2023-05-24,CUST0270,Keyboard,1,50,18.23,Delivered,Accessories,5,24,2023,False,36.46
2023-02-15,CUST0005,Mouse,2,60,7.58,Delivered,Accessories,2,15,2023,False,12.633333333333333
2023-10-19,CUST0118,Smartphone,2,1600,9.07,Delivered,Electronics,10,19,2023,False,0.566875
2023-07-28,CUST0016,Keyboard,1,50,19.39,Delivered,Accessories,7,28,2023,False,38.78
2023-02-21,CUST0168,Keyboard,2,100,12.44,Delivered,Accessories,2,21,2023,False,12.44
2023-12-14,CUST0091,Keyboard,1,50,19.02,Delivered,Accessories,12,14,2023,False,38.04
2023-03-07,CUST0066,Headphones,3,300,16.67,Returned,Accessories,3,7,2023,False,5.5566666666666675
2023-05-25,CUST0186,Mouse,1,30,5.24,Returned,Accessories,5,25,2023,False,17.466666666666665
2023-02-09,CUST0130,Monitor,3,900,10.39,Returned,Electronics,2,9,2023,False,1.1544444444444446
2023-08-20,CUST0095,Monitor,4,1200,7.26,Delivered,Electronics,8,20,2023,True,0.605
2023-03-02,CUST0128,Smartwatch,5,1000,18.72,Delivered,Wearables,3,2,2023,False,1.872
2023-05-07,CUST0036,Keyboard,3,150,9.99,Delivered,Accessories,5,7,2023,True,6.660000000000001
2023-01-14,CUST0016,Monitor,1,300,6.63,Delivered,Electronics,1,14,2023,True,2.21
2023-05-15,CUST0192,Mouse,1,30,11.39,Delivered,Accessories,5,15,2023,False,37.96666666666667
2023-08-13,CUST0013,Keyboard,4,200,6.66,Delivered,Accessories,8,13,2023,True,3.3300000000000005
2023-08-20,CUST0059,Keyboard,4,200,7.76,Delivered,Accessories,8,20,2023,True,3.88
2023-08-03,CUST0065,Smartphone,1,800,6.24,Delivered,Electronics,8,3,2023,False,0.78
2023-11-25,CUST0025,Headphones,3,300,5.86,Delivered,Accessories,11,25,2023,True,1.9533333333333334
2023-10-30,CUST0160,Laptop,2,3000,5.35,Returned,Electronics,10,30,2023,False,0.17833333333333332
2023-03-09,CUST0096,Smartphone,5,4000,13.72,Returned,Electronics,3,9,2023,False,0.343
2023-01-07,CUST0071,Smartphone,2,1600,13.1,Delivered,Electronics,1,7,2023,True,0.8187500000000001
2023-08-08,CUST0044,Smartwatch,2,400,13.54,Delivered,Wearables,8,8,2023,False,3.385
2023-12-16,CUST0299,Smartphone,5,4000,5.65,Delivered,Electronics,12,16,2023,True,0.14125000000000001
2023-05-29,CUST0291,Monitor,3,900,17.93,Delivered,Electronics,5,29,2023,False,1.9922222222222223
2023-09-04,CUST0266,Monitor,4,1200,5.79,Delivered,Electronics,9,4,2023,False,0.48250000000000004
2023-08-30,CUST0184,Smartphone,1,800,13.72,Delivered,Electronics,8,30,2023,False,1.7150000000000003
2023-02-02,CUST0130,Keyboard,3,150,8.99,Delivered,Accessories,2,2,2023,False,5.993333333333333
2023-09-12,CUST0052,Monitor,4,1200,17.59,Returned,Electronics,9,12,2023,False,1.4658333333333333
2023-12-21,CUST0240,Keyboard,4,200,13.51,Delivered,Accessories,12,21,2023,False,6.755
2023-10-07,CUST0054,Smartphone,1,800,19.15,Delivered,Electronics,10,7,2023,True,2.39375
2023-11-16,CUST0038,Keyboard,2,100,16.78,Delivered,Accessories,11,16,2023,False,16.78
2023-10-30,CUST0023,Monitor,5,1500,8.56,Delivered,Electronics,10,30,2023,False,0.5706666666666668
2023-02-21,CUST0183,Mouse,5,150,9.26,Delivered,Accessories,2,21,2023,False,6.173333333333334
2023-03-12,CUST0012,Monitor,5,1500,13.09,Delivered,Electronics,3,12,2023,True,0.8726666666666667
2023-10-17,CUST0136,Mouse,5,150,6.58,Delivered,Accessories,10,17,2023,False,4.386666666666667
2023-06-05,CUST0052,Mouse,2,60,12.21,Delivered,Accessories,6,5,2023,False,20.35
2023-03-03,CUST0141,Monitor,4,1200,6.4,Delivered,Electronics,3,3,2023,False,0.5333333333333334
2023-07-12,CUST0144,Smartphone,5,4000,19.43,Delivered,Electronics,7,12,2023,False,0.48574999999999996
2023-02-05,CUST0156,Monitor,1,300,15.49,Delivered,Electronics,2,5,2023,True,5.163333333333334
2023-09-22,CUST0199,Smartphone,3,2400,6.95,Returned,Electronics,9,22,2023,False,0.28958333333333336
2023-07-12,CUST0197,Laptop,4,6000,5.05,Delivered,Electronics,7,12,2023,False,0.08416666666666667
2023-11-06,CUST0196,Laptop,1,1500,12.95,Returned,Electronics,11,6,2023,False,0.8633333333333333
2023-08-13,CUST0243,Headphones,5,500,19.98,Returned,Accessories,8,13,2023,True,3.9960000000000004
2023-01-23,CUST0182,Smartphone,4,3200,12.3,Delivered,Electronics,1,23,2023,False,0.384375
2023-10-07,CUST0296,Monitor,4,1200,7.42,Delivered,Electronics,10,7,2023,True,0.6183333333333333
2023-11-15,CUST0296,Mouse,1,30,15.21,Delivered,Accessories,11,15,2023,False,50.7
2023-12-26,CUST0264,Monitor,3,900,19.8,Delivered,Electronics,12,26,2023,False,2.2
2023-11-11,CUST0136,Mouse,5,150,13.14,Returned,Accessories,11,11,2023,True,8.76
2023-04-21,CUST0010,Headphones,5,500,15.78,Delivered,Accessories,4,21,2023,False,3.1559999999999997
2023-05-18,CUST0131,Keyboard,5,250,5.81,Delivered,Accessories,5,18,2023,False,2.324
2023-05-16,CUST0252,Headphones,5,500,7.98,Returned,Accessories,5,16,2023,False,1.596
2023-09-11,CUST0294,Mouse,5,150,19.83,Delivered,Accessories,9,11,2023,False,13.219999999999999
2023-06-12,CUST0253,Smartphone,5,4000,16.14,Returned,Electronics,6,12,2023,False,0.4035
2023-09-26,CUST0126,Smartphone,1,800,16.42,Delivered,Electronics,9,26,2023,False,2.0525
2023-11-22,CUST0024,Laptop,1,1500,9.69,Delivered,Electronics,11,22,2023,False,0.6459999999999999
2023-07-10,CUST0058,Laptop,4,6000,16.49,Delivered,Electronics,7,10,2023,False,0.2748333333333333
2023-11-23,CUST0170,Keyboard,2,100,14.0,Delivered,Accessories,11,23,2023,False,14.000000000000002
2023-10-28,CUST0064,Laptop,3,4500,12.21,Returned,Electronics,10,28,2023,True,0.27133333333333337
2023-01-05,CUST0043,Keyboard,4,200,9.82,Delivered,Accessories,1,5,2023,False,4.91
2023-11-15,CUST0103,Smartwatch,5,1000,14.5,Delivered,Wearables,11,15,2023,False,1.4500000000000002
2023-03-11,CUST0032,Mouse,4,120,14.68,Returned,Accessories,3,11,2023,True,12.233333333333334
2023-08-31,CUST0182,Mouse,1,30,17.33,Delivered,Accessories,8,31,2023,False,57.766666666666666
2023-12-12,CUST0076,Headphones,2,200,17.84,Delivered,Accessories,12,12,2023,False,8.92
2023-01-22,CUST0215,Monitor,5,1500,19.58,Delivered,Electronics,1,22,2023,True,1.3053333333333332
2023-12-31,CUST0105,Keyboard,5,250,17.69,Delivered,Accessories,12,31,2023,True,7.0760000000000005
2023-12-31,CUST0295,Smartphone,5,4000,18.99,Delivered,Electronics,12,31,2023,True,0.47475
2023-08-18,CUST0002,Keyboard,5,250,17.96,Delivered,Accessories,8,18,2023,False,7.184
2023-06-25,CUST0283,Laptop,1,1500,11.14,Delivered,Electronics,6,25,2023,True,0.7426666666666667
2023-10-21,CUST0047,Laptop,1,1500,14.86,Returned,Electronics,10,21,2023,True,0.9906666666666666
2023-11-21,CUST0153,Mouse,2,60,6.54,Returned,Accessories,11,21,2023,False,10.9
2023-04-23,CUST0047,Headphones,2,200,9.15,Returned,Accessories,4,23,2023,True,4.575
2023-09-09,CUST0269,Monitor,4,1200,13.49,Returned,Electronics,9,9,2023,True,1.1241666666666668
2023-04-15,CUST0022,Laptop,2,3000,8.24,Delivered,Electronics,4,15,2023,True,0.27466666666666667
2023-06-26,CUST0106,Smartphone,3,2400,10.13,Returned,Electronics,6,26,2023,False,0.42208333333333337
2023-06-03,CUST0284,Headphones,2,200,10.57,Delivered,Accessories,6,3,2023,True,5.285
2023-05-20,CUST0149,Laptop,1,1500,14.19,Delivered,Electronics,5,20,2023,True,0.946
2023-04-07,CUST0068,Smartwatch,3,600,5.7,Delivered,Wearables,4,7,2023,False,0.95
2023-11-18,CUST0289,Smartwatch,5,1000,5.6,Returned,Wearables,11,18,2023,True,0.5599999999999999
2023-05-01,CUST0247,Laptop,3,4500,18.21,Delivered,Electronics,5,1,2023,False,0.40466666666666673
2023-05-27,CUST0295,Laptop,3,4500,12.84,Delivered,Electronics,5,27,2023,True,0.2853333333333333
2023-01-23,CUST0236,Laptop,2,3000,18.07,Returned,Electronics,1,23,2023,False,0.6023333333333334
2023-10-08,CUST0148,Keyboard,4,200,14.29,Delivered,Accessories,10,8,2023,True,7.145
2023-11-29,CUST0122,Headphones,4,400,11.52,Returned,Accessories,11,29,2023,False,2.88
2023-09-29,CUST0246,Monitor,3,900,15.77,Delivered,Electronics,9,29,2023,False,1.7522222222222221
2023-11-07,CUST0282,Laptop,4,6000,5.24,Delivered,Electronics,11,7,2023,False,0.08733333333333333
2023-10-20,CUST0204,Headphones,5,500,8.64,Delivered,Accessories,10,20,2023,False,1.728
2023-09-18,CUST0053,Laptop,4,6000,13.08,Delivered,Electronics,9,18,2023,False,0.218
2023-07-23,CUST0036,Smartphone,4,3200,13.29,Returned,Electronics,7,23,2023,True,0.4153125
2023-05-02,CUST0085,Smartphone,5,4000,13.44,Delivered,Electronics,5,2,2023,False,0.33599999999999997
2023-12-04,CUST0071,Headphones,1,100,14.98,Delivered,Accessories,12,4,2023,False,14.980000000000002
2023-08-27,CUST0248,Monitor,1,300,8.65,Returned,Electronics,8,27,2023,True,2.8833333333333337
2023-06-08,CUST0088,Headphones,5,500,14.84,Delivered,Accessories,6,8,2023,False,2.968
2023-10-26,CUST0020,Monitor,1,300,7.38,Delivered,Electronics,10,26,2023,False,2.46
2023-01-07,CUST0274,Laptop,5,7500,12.33,Delivered,Electronics,1,7,2023,True,0.16440000000000002
2023-04-23,CUST0196,Smartwatch,5,1000,19.55,Delivered,Wearables,4,23,2023,True,1.955
2023-09-12,CUST0022,Smartphone,3,2400,5.22,Returned,Electronics,9,12,2023,False,0.21749999999999997
2023-01-28,CUST0211,Keyboard,1,50,14.62,Returned,Accessories,1,28,2023,True,29.24
2023-07-16,CUST0152,Smartwatch,3,600,19.07,Delivered,Wearables,7,16,2023,True,3.1783333333333337
2023-01-04,CUST0042,Smartwatch,5,1000,15.99,Returned,Wearables,1,4,2023,False,1.599
2023-04-08,CUST0235,Headphones,5,500,19.53,Delivered,Accessories,4,8,2023,True,3.9060000000000006
2023-05-03,CUST0206,Laptop,5,7500,13.04,Delivered,Electronics,5,3,2023,False,0.17386666666666667
2023-07-15,CUST0103,Mouse,2,60,18.45,Returned,Accessories,7,15,2023,True,30.75
2023-09-28,CUST0179,Smartphone,4,3200,15.02,Returned,Electronics,9,28,2023,False,0.469375
2023-05-22,CUST0157,Keyboard,4,200,8.27,Delivered,Accessories,5,22,2023,False,4.135
2023-03-30,CUST0272,Mouse,3,90,8.66,Delivered,Accessories,3,30,2023,False,9.622222222222222
2023-08-02,CUST0071,Headphones,5,500,11.88,Returned,Accessories,8,2,2023,False,2.376
2023-05-20,CUST0268,Keyboard,3,150,15.03,Delivered,Accessories,5,20,2023,True,10.02
2023-12-17,CUST0017,Keyboard,5,250,12.63,Delivered,Accessories,12,17,2023,True,5.0520000000000005
2023-11-01,CUST0221,Monitor,3,900,7.25,Returned,Electronics,11,1,2023,False,0.8055555555555556
2023-01-08,CUST0077,Monitor,3,900,14.75,Delivered,Electronics,1,8,2023,True,1.638888888888889
2023-09-25,CUST0253,Headphones,4,400,17.18,Delivered,Accessories,9,25,2023,False,4.295
2023-04-18,CUST0253,Keyboard,3,150,14.99,Delivered,Accessories,4,18,2023,False,9.993333333333334
2023-02-19,CUST0225,Smartwatch,1,200,17.3,Delivered,Wearables,2,19,2023,True,8.65
2023-06-01,CUST0091,Headphones,1,100,6.47,Delivered,Accessories,6,1,2023,False,6.47
2023-06-28,CUST0142,Keyboard,5,250,10.39,Delivered,Accessories,6,28,2023,False,4.156
2023-04-24,CUST0142,Monitor,1,300,9.57,Delivered,Electronics,4,24,2023,False,3.19
2023-12-08,CUST0032,Smartphone,2,1600,6.57,Delivered,Electronics,12,8,2023,False,0.4106250000000001
2023-11-04,CUST0011,Keyboard,1,50,13.9,Delivered,Accessories,11,4,2023,True,27.800000000000004
2023-04-18,CUST0204,Laptop,5,7500,19.71,Returned,Electronics,4,18,2023,False,0.26280000000000003
2023-09-24,CUST0068,Smartwatch,2,400,11.49,Returned,Wearables,9,24,2023,True,2.8725
2023-11-13,CUST0222,Mouse,2,60,13.74,Delivered,Accessories,11,13,2023,False,22.900000000000002
2023-10-10,CUST0145,Laptop,1,1500,15.23,Returned,Electronics,10,10,2023,False,1.0153333333333334
2023-02-17,CUST0083,Laptop,1,1500,19.84,Returned,Electronics,2,17,2023,False,1.3226666666666667
2023-03-20,CUST0158,Headphones,3,300,18.63,Returned,Accessories,3,20,2023,False,6.21
2023-10-28,CUST0063,Laptop,5,7500,15.07,Delivered,Electronics,10,28,2023,True,0.20093333333333335
2023-01-16,CUST0249,Monitor,5,1500,15.98,Delivered,Electronics,1,16,2023,False,1.0653333333333335
2023-02-11,CUST0012,Monitor,2,600,14.13,Delivered,Electronics,2,11,2023,True,2.355
2023-12-18,CUST0038,Monitor,2,600,17.67,Delivered,Electronics,12,18,2023,False,2.9450000000000003
2023-09-01,CUST0216,Keyboard,5,250,15.62,Returned,Accessories,9,1,2023,False,6.247999999999999
2023-07-20,CUST0172,Monitor,5,1500,12.62,Returned,Electronics,7,20,2023,False,0.8413333333333334
2023-09-23,CUST0048,Monitor,2,600,11.88,Returned,Electronics,9,23,2023,True,1.9800000000000002
2023-07-14,CUST0260,Monitor,2,600,12.92,Returned,Electronics,7,14,2023,False,2.1533333333333333
2023-06-14,CUST0063,Smartwatch,4,800,15.78,Delivered,Wearables,6,14,2023,False,1.9725
2023-06-06,CUST0218,Laptop,4,6000,14.0,Returned,Electronics,6,6,2023,False,0.23333333333333336
2023-01-09,CUST0263,Smartphone,2,1600,7.17,Returned,Electronics,1,9,2023,False,0.448125
2023-07-29,CUST0160,Monitor,2,600,18.79,Delivered,Electronics,7,29,2023,True,3.131666666666667
2023-08-05,CUST0250,Smartphone,2,1600,17.54,Returned,Electronics,8,5,2023,True,1.09625
2023-02-21,CUST0038,Keyboard,3,150,18.44,Delivered,Accessories,2,21,2023,False,12.293333333333333
2023-05-05,CUST0048,Monitor,2,600,12.94,Delivered,Electronics,5,5,2023,False,2.1566666666666663
2023-01-16,CUST0183,Monitor,3,900,14.11,Returned,Electronics,1,16,2023,False,1.5677777777777777
2023-06-26,CUST0240,Headphones,1,100,7.09,Delivered,Accessories,6,26,2023,False,7.090000000000001
2023-04-20,CUST0155,Smartwatch,1,200,18.84,Delivered,Wearables,4,20,2023,False,9.42
2023-10-30,CUST0185,Laptop,5,7500,13.95,Delivered,Electronics,10,30,2023,False,0.186
2023-09-04,CUST0229,Headphones,4,400,11.95,Delivered,Accessories,9,4,2023,False,2.9875
2023-02-18,CUST0229,Mouse,3,90,10.06,Delivered,Accessories,2,18,2023,True,11.177777777777779
2023-01-07,CUST0139,Mouse,5,150,19.16,Returned,Accessories,1,7,2023,True,12.773333333333333
2023-10-08,CUST0009,Headphones,2,200,19.13,Returned,Accessories,10,8,2023,True,9.565
2023-12-19,CUST0095,Keyboard,5,250,13.0,Returned,Accessories,12,19,2023,False,5.2
2023-04-10,CUST0001,Keyboard,3,150,6.14,Returned,Accessories,4,10,2023,False,4.093333333333333
2023-06-01,CUST0200,Laptop,3,4500,11.29,Returned,Electronics,6,1,2023,False,0.2508888888888889
2023-07-03,CUST0086,Smartwatch,5,1000,14.83,Delivered,Wearables,7,3,2023,False,1.4829999999999999
2023-10-15,CUST0193,Monitor,3,900,15.97,Delivered,Electronics,10,15,2023,True,1.7744444444444445
2023-06-10,CUST0193,Headphones,4,400,12.48,Delivered,Accessories,6,10,2023,True,3.12
2023-09-03,CUST0044,Monitor,4,1200,10.86,Delivered,Electronics,9,3,2023,True,0.9049999999999999
2023-03-04,CUST0187,Laptop,5,7500,16.95,Delivered,Electronics,3,4,2023,True,0.22599999999999998
2023-01-24,CUST0006,Headphones,2,200,18.95,Delivered,Accessories,1,24,2023,False,9.475
2023-09-24,CUST0021,Mouse,4,120,10.77,Delivered,Accessories,9,24,2023,True,8.975
2023-06-20,CUST0271,Headphones,2,200,19.54,Returned,Accessories,6,20,2023,False,9.77
2023-11-15,CUST0160,Laptop,4,6000,10.0,Delivered,Electronics,11,15,2023,False,0.16666666666666669
2023-04-28,CUST0095,Laptop,5,7500,12.35,Delivered,Electronics,4,28,2023,False,0.16466666666666668
2023-05-22,CUST0025,Monitor,3,900,17.34,Returned,Electronics,5,22,2023,False,1.9266666666666667
2023-04-02,CUST0188,Keyboard,3,150,12.06,Returned,Accessories,4,2,2023,True,8.04
2023-11-15,CUST0238,Mouse,2,60,14.07,Returned,Accessories,11,15,2023,False,23.450000000000003
2023-10-05,CUST0180,Laptop,2,3000,16.82,Returned,Electronics,10,5,2023,False,0.5606666666666666
2023-08-22,CUST0011,Smartphone,5,4000,19.49,Returned,Electronics,8,22,2023,False,0.4872499999999999
2023-07-16,CUST0264,Keyboard,2,100,15.51,Returned,Accessories,7,16,2023,True,15.509999999999998
2023-01-27,CUST0156,Smartwatch,5,1000,9.77,Returned,Wearables,1,27,2023,False,0.9769999999999999
2023-09-06,CUST0044,Headphones,1,100,15.64,Delivered,Accessories,9,6,2023,False,15.64
2023-05-06,CUST0202,Smartphone,5,4000,12.22,Delivered,Electronics,5,6,2023,True,0.3055
2023-01-14,CUST0171,Headphones,5,500,13.7,Delivered,Accessories,1,14,2023,True,2.7399999999999998
2023-04-28,CUST0109,Laptop,4,6000,12.77,Delivered,Electronics,4,28,2023,False,0.21283333333333332
2023-01-02,CUST0213,Monitor,4,1200,14.76,Delivered,Electronics,1,2,2023,False,1.23
2023-11-09,CUST0261,Mouse,3,90,11.71,Delivered,Accessories,11,9,2023,False,13.011111111111113
2023-07-03,CUST0030,Smartphone,5,4000,17.36,Returned,Electronics,7,3,2023,False,0.434
2023-01-14,CUST0145,Headphones,4,400,10.89,Delivered,Accessories,1,14,2023,True,2.7225
2023-02-23,CUST0044,Smartphone,1,800,14.23,Delivered,Electronics,2,23,2023,False,1.77875
2023-06-11,CUST0199,Monitor,1,300,9.5,Delivered,Electronics,6,11,2023,True,3.166666666666667
2023-05-16,CUST0111,Monitor,3,900,13.79,Delivered,Electronics,5,16,2023,False,1.5322222222222222
2023-03-16,CUST0124,Smartphone,1,800,5.36,Returned,Electronics,3,16,2023,False,0.67
2023-01-03,CUST0299,Smartphone,5,4000,19.93,Delivered,Electronics,1,3,2023,False,0.49824999999999997
2023-06-02,CUST0241,Keyboard,2,100,19.92,Delivered,Accessories,6,2,2023,False,19.92
2023-06-06,CUST0010,Smartwatch,2,400,14.16,Delivered,Wearables,6,6,2023,False,3.54
2023-10-28,CUST0293,Laptop,5,7500,7.52,Returned,Electronics,10,28,2023,True,0.10026666666666667
2023-01-31,CUST0225,Monitor,4,1200,10.09,Returned,Electronics,1,31,2023,False,0.8408333333333333
2023-04-28,CUST0197,Laptop,4,6000,6.73,Delivered,Electronics,4,28,2023,False,0.11216666666666666
2023-07-22,CUST0035,Mouse,4,120,5.19,Returned,Accessories,7,22,2023,True,4.325
2023-06-12,CUST0280,Keyboard,1,50,12.3,Delivered,Accessories,6,12,2023,False,24.6
2023-03-20,CUST0129,Laptop,4,6000,13.08,Delivered,Electronics,3,20,2023,False,0.218
2023-04-14,CUST0144,Laptop,4,6000,12.0,Returned,Electronics,4,14,2023,False,0.2
2023-05-04,CUST0174,Mouse,2,60,9.28,Delivered,Accessories,5,4,2023,False,15.466666666666665
2023-09-28,CUST0219,Keyboard,5,250,14.34,Delivered,Accessories,9,28,2023,False,5.736
2023-08-01,CUST0198,Monitor,2,600,17.13,Delivered,Electronics,8,1,2023,False,2.855
2023-09-26,CUST0139,Monitor,1,300,13.55,Delivered,Electronics,9,26,2023,False,4.516666666666667
2023-11-14,CUST0149,Mouse,5,150,9.01,Returned,Accessories,11,14,2023,False,6.006666666666667
2023-11-01,CUST0031,Laptop,4,6000,13.3,Delivered,Electronics,11,1,2023,False,0.22166666666666668
2023-06-30,CUST0036,Headphones,5,500,8.27,Delivered,Accessories,6,30,2023,False,1.654
2023-10-10,CUST0029,Laptop,2,3000,9.26,Delivered,Electronics,10,10,2023,False,0.3086666666666667
2023-09-19,CUST0071,Monitor,3,900,18.83,Returned,Electronics,9,19,2023,False,2.092222222222222
2023-01-09,CUST0251,Laptop,2,3000,12.17,Delivered,Electronics,1,9,2023,False,0.4056666666666667
2023-08-11,CUST0142,Laptop,1,1500,8.53,Delivered,Electronics,8,11,2023,False,0.5686666666666667
2023-07-25,CUST0025,Monitor,1,300,8.87,Returned,Electronics,7,25,2023,False,2.9566666666666666
2023-09-30,CUST0031,Smartwatch,1,200,5.45,Returned,Wearables,9,30,2023,True,2.725
2023-10-26,CUST0159,Headphones,2,200,10.39,Returned,Accessories,10,26,2023,False,5.195
2023-12-22,CUST0094,Headphones,4,400,13.94,Delivered,Accessories,12,22,2023,False,3.485
2023-09-13,CUST0072,Headphones,4,400,12.96,Delivered,Accessories,9,13,2023,False,3.2400000000000007
2023-12-26,CUST0078,Keyboard,4,200,11.0,Returned,Accessories,12,26,2023,False,5.5
2023-09-06,CUST0105,Laptop,2,3000,13.22,Delivered,Electronics,9,6,2023,False,0.4406666666666667
2023-11-14,CUST0152,Monitor,5,1500,17.75,Delivered,Electronics,11,14,2023,False,1.1833333333333333
2023-04-25,CUST0160,Smartphone,3,2400,15.53,Delivered,Electronics,4,25,2023,False,0.6470833333333332
2023-07-26,CUST0248,Laptop,1,1500,13.92,Delivered,Electronics,7,26,2023,False,0.928
2023-06-15,CUST0133,Smartwatch,3,600,13.73,Delivered,Wearables,6,15,2023,False,2.2883333333333336
2023-05-22,CUST0260,Monitor,3,900,8.48,Delivered,Electronics,5,22,2023,False,0.9422222222222223
2023-12-07,CUST0051,Laptop,3,4500,13.82,Delivered,Electronics,12,7,2023,False,0.3071111111111111
2023-02-28,CUST0177,Mouse,1,30,11.33,Delivered,Accessories,2,28,2023,False,37.766666666666666
2023-05-04,CUST0195,Smartwatch,5,1000,10.9,Delivered,Wearables,5,4,2023,False,1.09
2023-08-27,CUST0122,Laptop,1,1500,19.37,Delivered,Electronics,8,27,2023,True,1.2913333333333334
2023-11-14,CUST0058,Mouse,5,150,8.28,Returned,Accessories,11,14,2023,False,5.52
2023-09-06,CUST0039,Laptop,1,1500,10.84,Delivered,Electronics,9,6,2023,False,0.7226666666666667
2023-01-03,CUST0066,Smartphone,1,800,12.78,Returned,Electronics,1,3,2023,False,1.5975
2023-02-20,CUST0204,Laptop,4,6000,12.84,Delivered,Electronics,2,20,2023,False,0.214
2023-04-13,CUST0208,Monitor,1,300,6.55,Delivered,Electronics,4,13,2023,False,2.183333333333333
2023-01-05,CUST0196,Keyboard,4,200,12.81,Delivered,Accessories,1,5,2023,False,6.404999999999999
2023-05-22,CUST0250,Laptop,1,1500,18.19,Delivered,Electronics,5,22,2023,False,1.2126666666666668
2023-08-10,CUST0227,Smartwatch,3,600,16.36,Delivered,Wearables,8,10,2023,False,2.7266666666666666
2023-06-11,CUST0107,Laptop,4,6000,14.85,Delivered,Electronics,6,11,2023,True,0.24749999999999997
2023-02-25,CUST0177,Smartwatch,4,800,17.93,Delivered,Wearables,2,25,2023,True,2.24125
2023-06-05,CUST0174,Headphones,2,200,11.73,Delivered,Accessories,6,5,2023,False,5.865
2023-10-17,CUST0066,Mouse,3,90,13.86,Delivered,Accessories,10,17,2023,False,15.4
2023-01-25,CUST0117,Mouse,5,150,18.22,Returned,Accessories,1,25,2023,False,12.146666666666665
2023-01-10,CUST0008,Monitor,2,600,8.33,Delivered,Electronics,1,10,2023,False,1.3883333333333332
2023-12-27,CUST0010,Laptop,3,4500,6.86,Delivered,Electronics,12,27,2023,False,0.15244444444444447
2023-11-03,CUST0107,Keyboard,5,250,9.87,Returned,Accessories,11,3,2023,False,3.9479999999999995
2023-04-10,CUST0271,Smartwatch,2,400,8.05,Delivered,Wearables,4,10,2023,False,2.0125
2023-12-27,CUST0149,Smartwatch,4,800,11.68,Delivered,Wearables,12,27,2023,False,1.46
2023-12-22,CUST0173,Laptop,3,4500,13.18,Delivered,Electronics,12,22,2023,False,0.29288888888888887
2023-11-08,CUST0042,Smartphone,2,1600,9.01,Delivered,Electronics,11,8,2023,False,0.563125
2023-12-07,CUST0106,Headphones,3,300,17.63,Delivered,Accessories,12,7,2023,False,5.876666666666666
2023-03-06,CUST0235,Monitor,1,300,7.48,Delivered,Electronics,3,6,2023,False,2.4933333333333336
2023-05-07,CUST0220,Mouse,1,30,6.7,Delivered,Accessories,5,7,2023,True,22.333333333333332
2023-12-07,CUST0264,Mouse,5,150,14.88,Delivered,Accessories,12,7,2023,False,9.920000000000002
2023-09-13,CUST0020,Smartphone,4,3200,8.31,Returned,Electronics,9,13,2023,False,0.2596875
2023-12-31,CUST0139,Smartphone,3,2400,19.61,Returned,Electronics,12,31,2023,True,0.8170833333333334
2023-04-20,CUST0022,Keyboard,2,100,16.28,Returned,Accessories,4,20,2023,False,16.28
2023-03-31,CUST0101,Monitor,4,1200,10.58,Returned,Electronics,3,31,2023,False,0.8816666666666667
2023-11-20,CUST0271,Monitor,4,1200,19.38,Delivered,Electronics,11,20,2023,False,1.6149999999999998
2023-12-09,CUST0197,Mouse,3,90,14.77,Delivered,Accessories,12,9,2023,True,16.41111111111111
2023-06-06,CUST0135,Smartwatch,1,200,13.72,Delivered,Wearables,6,6,2023,False,6.860000000000001
2023-12-12,CUST0174,Mouse,5,150,16.66,Delivered,Accessories,12,12,2023,False,11.106666666666666
2023-07-30,CUST0139,Laptop,5,7500,8.19,Delivered,Electronics,7,30,2023,True,0.10919999999999999
2023-10-24,CUST0058,Headphones,5,500,5.43,Delivered,Accessories,10,24,2023,False,1.086
2023-10-25,CUST0152,Smartwatch,5,1000,7.71,Delivered,Wearables,10,25,2023,False,0.771
2023-07-13,CUST0231,Keyboard,2,100,13.53,Delivered,Accessories,7,13,2023,False,13.530000000000001
2023-05-28,CUST0288,Keyboard,3,150,6.88,Returned,Accessories,5,28,2023,True,4.586666666666667
2023-10-11,CUST0155,Monitor,1,300,16.71,Delivered,Electronics,10,11,2023,False,5.57
2023-02-28,CUST0128,Monitor,3,900,14.38,Returned,Electronics,2,28,2023,False,1.5977777777777777
2023-04-18,CUST0178,Smartwatch,3,600,11.82,Delivered,Wearables,4,18,2023,False,1.97
2023-11-11,CUST0298,Smartphone,2,1600,12.94,Returned,Electronics,11,11,2023,True,0.80875
2023-09-01,CUST0064,Laptop,1,1500,18.37,Delivered,Electronics,9,1,2023,False,1.2246666666666668
2023-08-14,CUST0091,Mouse,3,90,11.78,Returned,Accessories,8,14,2023,False,13.088888888888889
2023-02-03,CUST0113,Laptop,3,4500,7.52,Delivered,Electronics,2,3,2023,False,0.1671111111111111
2023-02-05,CUST0087,Mouse,2,60,17.46,Delivered,Accessories,2,5,2023,True,29.100000000000005
2023-01-20,CUST0087,Monitor,3,900,17.94,Delivered,Electronics,1,20,2023,False,1.9933333333333334
2023-02-18,CUST0255,Smartphone,3,2400,10.5,Delivered,Electronics,2,18,2023,True,0.43750000000000006
2023-07-29,CUST0044,Monitor,1,300,14.91,Delivered,Electronics,7,29,2023,True,4.97
2023-07-25,CUST0133,Laptop,3,4500,15.5,Delivered,Electronics,7,25,2023,False,0.34444444444444444
2023-12-16,CUST0122,Monitor,3,900,16.44,Delivered,Electronics,12,16,2023,True,1.8266666666666667
2023-03-30,CUST0220,Laptop,2,3000,13.04,Returned,Electronics,3,30,2023,False,0.43466666666666665
2023-01-22,CUST0182,Headphones,2,200,14.11,Returned,Accessories,1,22,2023,True,7.055
2023-01-19,CUST0081,Monitor,2,600,5.79,Returned,Electronics,1,19,2023,False,0.9650000000000001
2023-12-13,CUST0224,Smartwatch,4,800,13.93,Delivered,Wearables,12,13,2023,False,1.7412500000000002
2023-07-06,CUST0070,Smartphone,1,800,6.7,Delivered,Electronics,7,6,2023,False,0.8375
2023-07-22,CUST0263,Monitor,1,300,11.65,Delivered,Electronics,7,22,2023,True,3.8833333333333337
2023-06-06,CUST0052,Keyboard,4,200,14.49,Delivered,Accessories,6,6,2023,False,7.245
2023-08-03,CUST0253,Monitor,5,1500,14.23,Delivered,Electronics,8,3,2023,False,0.9486666666666668
2023-01-12,CUST0095,Monitor,2,600,15.88,Delivered,Electronics,1,12,2023,False,2.646666666666667
2023-07-29,CUST0031,Keyboard,1,50,19.41,Delivered,Accessories,7,29,2023,True,38.82
2023-08-20,CUST0128,Smartphone,4,3200,15.79,Delivered,Electronics,8,20,2023,True,0.4934375
2023-03-09,CUST0077,Mouse,4,120,17.84,Returned,Accessories,3,9,2023,False,14.866666666666667
2023-11-18,CUST0073,Smartwatch,3,600,10.07,Delivered,Wearables,11,18,2023,True,1.6783333333333335
2023-08-31,CUST0173,Mouse,5,150,15.11,Delivered,Accessories,8,31,2023,False,10.073333333333332
2023-08-17,CUST0218,Monitor,4,1200,11.23,Delivered,Electronics,8,17,2023,False,0.9358333333333333
2023-08-07,CUST0274,Keyboard,5,250,15.38,Returned,Accessories,8,7,2023,False,6.152
2023-11-17,CUST0034,Keyboard,3,150,10.84,Returned,Accessories,11,17,2023,False,7.226666666666666
2023-03-31,CUST0285,Monitor,4,1200,13.4,Delivered,Electronics,3,31,2023,False,1.1166666666666667
2023-07-20,CUST0117,Headphones,3,300,7.7,Delivered,Accessories,7,20,2023,False,2.566666666666667
2023-06-12,CUST0208,Mouse,4,120,15.44,Delivered,Accessories,6,12,2023,False,12.866666666666665
2023-06-08,CUST0107,Headphones,5,500,8.74,Returned,Accessories,6,8,2023,False,1.748
2023-12-08,CUST0145,Headphones,4,400,14.68,Delivered,Accessories,12,8,2023,False,3.6699999999999995
2023-11-07,CUST0232,Laptop,5,7500,18.3,Returned,Electronics,11,7,2023,False,0.244
2023-12-02,CUST0039,Smartwatch,1,200,10.14,Returned,Wearables,12,2,2023,True,5.07
2023-10-31,CUST0195,Keyboard,3,150,6.42,Delivered,Accessories,10,31,2023,False,4.279999999999999
2023-09-06,CUST0185,Monitor,5,1500,18.18,Delivered,Electronics,9,6,2023,False,1.212
2023-03-05,CUST0281,Keyboard,3,150,5.62,Delivered,Accessories,3,5,2023,True,3.746666666666667
2023-05-07,CUST0061,Smartphone,1,800,17.3,Delivered,Electronics,5,7,2023,True,2.1625
2023-10-20,CUST0232,Mouse,3,90,14.91,Delivered,Accessories,10,20,2023,False,16.566666666666666
2023-03-16,CUST0013,Smartwatch,4,800,7.31,Returned,Wearables,3,16,2023,False,0.91375
2023-07-13,CUST0058,Keyboard,1,50,8.05,Delivered,Accessories,7,13,2023,False,16.1
2023-01-21,CUST0159,Laptop,1,1500,5.29,Returned,Electronics,1,21,2023,True,0.3526666666666667
2023-08-19,CUST0236,Laptop,3,4500,19.41,Delivered,Electronics,8,19,2023,True,0.4313333333333333
2023-09-30,CUST0281,Monitor,2,600,19.97,Delivered,Electronics,9,30,2023,True,3.328333333333333
2023-10-31,CUST0213,Smartwatch,5,1000,9.18,Delivered,Wearables,10,31,2023,False,0.9179999999999999
2023-03-21,CUST0286,Keyboard,2,100,6.28,Returned,Accessories,3,21,2023,False,6.280000000000001
2023-07-09,CUST0136,Keyboard,4,200,9.3,Returned,Accessories,7,9,2023,True,4.65
2023-12-07,CUST0228,Keyboard,1,50,18.71,Delivered,Accessories,12,7,2023,False,37.42
2023-06-02,CUST0124,Headphones,5,500,14.28,Returned,Accessories,6,2,2023,False,2.856
2023-05-30,CUST0201,Smartphone,1,800,12.3,Delivered,Electronics,5,30,2023,False,1.5375
2023-06-01,CUST0038,Smartphone,2,1600,19.87,Returned,Electronics,6,1,2023,False,1.241875
2023-12-01,CUST0276,Laptop,3,4500,14.73,Delivered,Electronics,12,1,2023,False,0.32733333333333337
2023-10-23,CUST0201,Smartwatch,3,600,9.26,Delivered,Wearables,10,23,2023,False,1.5433333333333334
2023-06-17,CUST0104,Keyboard,4,200,15.14,Delivered,Accessories,6,17,2023,True,7.57
2023-11-05,CUST0101,Smartwatch,4,800,14.28,Delivered,Wearables,11,5,2023,True,1.7849999999999997
2023-12-08,CUST0138,Laptop,2,3000,6.44,Delivered,Electronics,12,8,2023,False,0.2146666666666667
2023-09-16,CUST0035,Keyboard,3,150,11.05,Returned,Accessories,9,16,2023,True,7.366666666666667
2023-09-09,CUST0273,Mouse,3,90,11.24,Returned,Accessories,9,9,2023,True,12.488888888888889
2023-03-09,CUST0228,Smartphone,1,800,7.25,Delivered,Electronics,3,9,2023,False,0.9062499999999999
2023-08-01,CUST0191,Laptop,4,6000,6.76,Delivered,Electronics,8,1,2023,False,0.11266666666666666
2023-05-08,CUST0087,Headphones,2,200,19.07,Delivered,Accessories,5,8,2023,False,9.535
2023-12-21,CUST0070,Laptop,5,7500,19.41,Delivered,Electronics,12,21,2023,False,0.25880000000000003
2023-12-08,CUST0088,Monitor,1,300,7.84,Delivered,Electronics,12,8,2023,False,2.6133333333333333
2023-06-29,CUST0287,Smartphone,4,3200,9.99,Returned,Electronics,6,29,2023,False,0.3121875
2023-09-24,CUST0116,Monitor,2,600,9.77,Returned,Electronics,9,24,2023,True,1.6283333333333334
2023-05-22,CUST0037,Smartphone,3,2400,15.28,Delivered,Electronics,5,22,2023,False,0.6366666666666666
2023-07-29,CUST0215,Mouse,3,90,8.79,Returned,Accessories,7,29,2023,True,9.766666666666666
2023-10-19,CUST0104,Keyboard,4,200,12.79,Delivered,Accessories,10,19,2023,False,6.395
2023-09-02,CUST0197,Smartphone,5,4000,9.55,Delivered,Electronics,9,2,2023,True,0.23875000000000002
2023-06-21,CUST0298,Mouse,4,120,8.85,Returned,Accessories,6,21,2023,False,7.375
2023-06-13,CUST0079,Keyboard,2,100,9.76,Delivered,Accessories,6,13,2023,False,9.76
2023-12-28,CUST0021,Smartwatch,1,200,6.18,Delivered,Wearables,12,28,2023,False,3.09
2023-07-06,CUST0162,Laptop,3,4500,6.08,Returned,Electronics,7,6,2023,False,0.1351111111111111
2023-06-13,CUST0090,Laptop,4,6000,9.46,Delivered,Electronics,6,13,2023,False,0.15766666666666668
2023-03-20,CUST0064,Headphones,1,100,6.6,Returned,Accessories,3,20,2023,False,6.6000000000000005
2023-02-20,CUST0148,Mouse,4,120,19.59,Delivered,Accessories,2,20,2023,False,16.325
2023-08-27,CUST0081,Monitor,4,1200,12.55,Delivered,Electronics,8,27,2023,True,1.0458333333333334
2023-02-03,CUST0160,Keyboard,5,250,14.32,Delivered,Accessories,2,3,2023,False,5.728000000000001
2023-09-27,CUST0080,Smartphone,5,4000,6.74,Delivered,Electronics,9,27,2023,False,0.1685
2023-03-18,CUST0091,Headphones,2,200,7.01,Delivered,Accessories,3,18,2023,True,3.505
2023-01-17,CUST0112,Laptop,2,3000,14.97,Delivered,Electronics,1,17,2023,False,0.49900000000000005
2023-05-11,CUST0030,Headphones,4,400,10.03,Delivered,Accessories,5,11,2023,False,2.5075
2023-03-10,CUST0276,Keyboard,2,100,8.51,Delivered,Accessories,3,10,2023,False,8.51
2023-06-27,CUST0034,Keyboard,1,50,7.55,Delivered,Accessories,6,27,2023,False,15.1
2023-11-07,CUST0271,Mouse,4,120,18.31,Delivered,Accessories,11,7,2023,False,15.258333333333333
2023-04-08,CUST0034,Laptop,5,7500,16.39,Returned,Electronics,4,8,2023,True,0.21853333333333333
2023-10-27,CUST0122,Laptop,2,3000,18.77,Returned,Electronics,10,27,2023,False,0.6256666666666666
2023-02-01,CUST0223,Laptop,5,7500,9.26,Returned,Electronics,2,1,2023,False,0.12346666666666667
2023-05-27,CUST0052,Smartphone,4,3200,15.69,Delivered,Electronics,5,27,2023,True,0.49031249999999993
2023-10-01,CUST0176,Keyboard,4,200,11.55,Delivered,Accessories,10,1,2023,True,5.775
2023-05-05,CUST0276,Smartphone,3,2400,15.27,Delivered,Electronics,5,5,2023,False,0.63625
2023-12-22,CUST0185,Keyboard,4,200,6.75,Delivered,Accessories,12,22,2023,False,3.375
2023-06-13,CUST0253,Headphones,2,200,5.79,Delivered,Accessories,6,13,2023,False,2.895
2023-01-11,CUST0055,Smartwatch,4,800,10.62,Returned,Wearables,1,11,2023,False,1.3275
2023-02-07,CUST0229,Monitor,1,300,5.83,Delivered,Electronics,2,7,2023,False,1.9433333333333334
2023-07-14,CUST0149,Headphones,2,200,9.42,Returned,Accessories,7,14,2023,False,4.71
2023-04-07,CUST0028,Mouse,5,150,6.26,Delivered,Accessories,4,7,2023,False,4.173333333333333
2023-12-18,CUST0011,Headphones,1,100,19.25,Delivered,Accessories,12,18,2023,False,19.25
2023-11-17,CUST0259,Mouse,2,60,18.17,Delivered,Accessories,11,17,2023,False,30.283333333333335
2023-12-26,CUST0296,Monitor,1,300,5.94,Returned,Electronics,12,26,2023,False,1.9800000000000002
2023-12-04,CUST0101,Headphones,3,300,15.61,Delivered,Accessories,12,4,2023,False,5.203333333333333
2023-06-08,CUST0288,Laptop,2,3000,9.06,Delivered,Electronics,6,8,2023,False,0.302
2023-08-14,CUST0206,Keyboard,4,200,16.25,Delivered,Accessories,8,14,2023,False,8.125
2023-11-13,CUST0179,Monitor,4,1200,7.16,Delivered,Electronics,11,13,2023,False,0.5966666666666667
2023-10-17,CUST0293,Monitor,2,600,9.52,Delivered,Electronics,10,17,2023,False,1.5866666666666664
2023-07-23,CUST0120,Headphones,4,400,12.85,Delivered,Accessories,7,23,2023,True,3.2125
2023-06-15,CUST0112,Smartphone,5,4000,5.14,Returned,Electronics,6,15,2023,False,0.1285
2023-07-18,CUST0218,Mouse,5,150,6.78,Delivered,Accessories,7,18,2023,False,4.5200000000000005
2023-05-12,CUST0018,Keyboard,5,250,12.25,Delivered,Accessories,5,12,2023,False,4.9
2023-02-19,CUST0193,Laptop,4,6000,9.87,Delivered,Electronics,2,19,2023,True,0.1645
2023-10-17,CUST0088,Laptop,4,6000,11.5,Delivered,Electronics,10,17,2023,False,0.19166666666666665
2023-09-30,CUST0116,Mouse,3,90,16.07,Returned,Accessories,9,30,2023,True,17.855555555555554
2023-05-20,CUST0152,Keyboard,4,200,18.96,Returned,Accessories,5,20,2023,True,9.48
2023-04-27,CUST0290,Smartwatch,4,800,5.98,Delivered,Wearables,4,27,2023,False,0.7475
2023-03-27,CUST0293,Monitor,2,600,14.24,Delivered,Electronics,3,27,2023,False,2.373333333333333
2023-07-31,CUST0080,Monitor,5,1500,11.39,Returned,Electronics,7,31,2023,False,0.7593333333333334
2023-02-11,CUST0134,Keyboard,4,200,17.65,Delivered,Accessories,2,11,2023,True,8.825
2023-01-04,CUST0010,Smartphone,5,4000,6.67,Delivered,Electronics,1,4,2023,False,0.16674999999999998
2023-08-30,CUST0252,Smartwatch,3,600,8.26,Delivered,Wearables,8,30,2023,False,1.3766666666666667
2023-03-06,CUST0211,Monitor,5,1500,18.94,Returned,Electronics,3,6,2023,False,1.2626666666666668
2023-02-26,CUST0095,Monitor,3,900,19.78,Delivered,Electronics,2,26,2023,True,2.197777777777778
2023-02-25,CUST0226,Smartphone,4,3200,10.65,Returned,Electronics,2,25,2023,True,0.3328125
2023-01-03,CUST0238,Smartwatch,4,800,14.25,Delivered,Wearables,1,3,2023,False,1.7812499999999998
2023-12-28,CUST0274,Monitor,4,1200,6.26,Returned,Electronics,12,28,2023,False,0.5216666666666666
2023-11-18,CUST0225,Keyboard,3,150,12.69,Delivered,Accessories,11,18,2023,True,8.459999999999999
2023-03-11,CUST0233,Smartwatch,3,600,19.39,Delivered,Wearables,3,11,2023,True,3.231666666666667
2023-09-19,CUST0208,Headphones,4,400,14.49,Delivered,Accessories,9,19,2023,False,3.6225
2023-05-15,CUST0006,Smartwatch,5,1000,13.13,Delivered,Wearables,5,15,2023,False,1.3130000000000002
2023-10-23,CUST0181,Monitor,4,1200,15.92,Delivered,Electronics,10,23,2023,False,1.3266666666666667
2023-03-07,CUST0126,Smartwatch,5,1000,12.06,Returned,Wearables,3,7,2023,False,1.2060000000000002
2023-01-16,CUST0118,Keyboard,1,50,16.34,Delivered,Accessories,1,16,2023,False,32.68
2023-04-10,CUST0007,Smartwatch,3,600,15.85,Delivered,Wearables,4,10,2023,False,2.6416666666666666
2023-09-13,CUST0263,Headphones,3,300,19.01,Delivered,Accessories,9,13,2023,False,6.336666666666667
2023-09-26,CUST0256,Laptop,3,4500,9.83,Delivered,Electronics,9,26,2023,False,0.21844444444444447
2023-11-23,CUST0172,Mouse,4,120,5.17,Delivered,Accessories,11,23,2023,False,4.308333333333334
2023-08-12,CUST0114,Smartphone,3,2400,15.04,Delivered,Electronics,8,12,2023,True,0.6266666666666666
2023-12-13,CUST0198,Smartphone,5,4000,18.49,Delivered,Electronics,12,13,2023,False,0.46225
2023-07-08,CUST0234,Smartwatch,1,200,7.67,Returned,Wearables,7,8,2023,True,3.8350000000000004
2023-07-25,CUST0182,Keyboard,3,150,5.76,Delivered,Accessories,7,25,2023,False,3.84
2023-07-08,CUST0104,Smartwatch,1,200,16.29,Delivered,Wearables,7,8,2023,True,8.145
2023-07-28,CUST0232,Headphones,1,100,6.43,Returned,Accessories,7,28,2023,False,6.43
2023-09-19,CUST0160,Laptop,1,1500,7.32,Returned,Electronics,9,19,2023,False,0.488
2023-01-18,CUST0105,Smartwatch,2,400,9.97,Returned,Wearables,1,18,2023,False,2.4925
2023-01-06,CUST0065,Smartwatch,5,1000,12.79,Delivered,Wearables,1,6,2023,False,1.279
2023-07-09,CUST0220,Mouse,4,120,17.23,Returned,Accessories,7,9,2023,True,14.358333333333334
2023-07-01,CUST0150,Mouse,5,150,10.81,Delivered,Accessories,7,1,2023,True,7.206666666666667
2023-10-15,CUST0300,Smartwatch,4,800,16.99,Returned,Wearables,10,15,2023,True,2.12375
2023-11-16,CUST0255,Laptop,2,3000,11.24,Returned,Electronics,11,16,2023,False,0.3746666666666667
2023-08-19,CUST0154,Monitor,2,600,5.84,Delivered,Electronics,8,19,2023,True,0.9733333333333334
2023-12-08,CUST0112,Smartphone,2,1600,7.61,Returned,Electronics,12,8,2023,False,0.475625
2023-12-09,CUST0130,Headphones,4,400,14.97,Returned,Accessories,12,9,2023,True,3.7425
2023-10-25,CUST0061,Monitor,1,300,15.16,Returned,Electronics,10,25,2023,False,5.053333333333334
2023-12-16,CUST0046,Laptop,2,3000,15.58,Delivered,Electronics,12,16,2023,True,0.5193333333333333
2023-08-06,CUST0200,Laptop,1,1500,5.57,Delivered,Electronics,8,6,2023,True,0.37133333333333335
2023-04-26,CUST0001,Laptop,4,6000,11.28,Returned,Electronics,4,26,2023,False,0.188
2023-06-27,CUST0101,Smartphone,4,3200,14.35,Delivered,Electronics,6,27,2023,False,0.4484375
2023-01-26,CUST0113,Keyboard,4,200,19.17,Returned,Accessories,1,26,2023,False,9.585
2023-10-26,CUST0076,Mouse,1,30,10.22,Delivered,Accessories,10,26,2023,False,34.06666666666667
2023-01-30,CUST0120,Keyboard,3,150,12.89,Delivered,Accessories,1,30,2023,False,8.593333333333334
2023-05-29,CUST0265,Keyboard,4,200,7.52,Delivered,Accessories,5,29,2023,False,3.7599999999999993
2023-10-02,CUST0214,Monitor,2,600,9.09,Delivered,Electronics,10,2,2023,False,1.5150000000000001
2023-06-06,CUST0058,Monitor,4,1200,5.56,Delivered,Electronics,6,6,2023,False,0.4633333333333333
2023-01-31,CUST0288,Smartwatch,2,400,19.66,Returned,Wearables,1,31,2023,False,4.915
2023-12-31,CUST0210,Monitor,1,300,11.26,Returned,Electronics,12,31,2023,True,3.7533333333333334
2023-01-05,CUST0116,Mouse,1,30,5.41,Delivered,Accessories,1,5,2023,False,18.033333333333335
2023-06-10,CUST0059,Laptop,2,3000,10.13,Delivered,Electronics,6,10,2023,True,0.3376666666666667
2023-05-26,CUST0239,Smartphone,4,3200,7.74,Delivered,Electronics,5,26,2023,False,0.24187499999999998
2023-10-06,CUST0099,Smartwatch,1,200,8.28,Delivered,Wearables,10,6,2023,False,4.14
2023-04-16,CUST0018,Monitor,2,600,17.38,Delivered,Electronics,4,16,2023,True,2.8966666666666665
2023-01-17,CUST0028,Keyboard,4,200,11.39,Delivered,Accessories,1,17,2023,False,5.695
2023-03-22,CUST0159,Laptop,3,4500,18.83,Delivered,Electronics,3,22,2023,False,0.4184444444444444
2023-11-20,CUST0053,Smartwatch,1,200,6.96,Returned,Wearables,11,20,2023,False,3.4799999999999995
2023-07-21,CUST0015,Laptop,5,7500,6.21,Returned,Electronics,7,21,2023,False,0.0828
2023-07-26,CUST0045,Headphones,4,400,18.3,Delivered,Accessories,7,26,2023,False,4.575
2023-05-18,CUST0156,Laptop,5,7500,7.57,Returned,Electronics,5,18,2023,False,0.10093333333333335
2023-08-12,CUST0116,Monitor,2,600,11.06,Delivered,Electronics,8,12,2023,True,1.8433333333333333
2023-08-16,CUST0239,Mouse,5,150,13.08,Delivered,Accessories,8,16,2023,False,8.72
2023-08-11,CUST0268,Mouse,3,90,10.49,Delivered,Accessories,8,11,2023,False,11.655555555555555
2023-01-02,CUST0086,Monitor,2,600,12.94,Delivered,Electronics,1,2,2023,False,2.1566666666666663
2023-07-28,CUST0087,Laptop,2,3000,11.24,Delivered,Electronics,7,28,2023,False,0.3746666666666667
2023-04-27,CUST0077,Monitor,3,900,14.86,Delivered,Electronics,4,27,2023,False,1.6511111111111112
2023-08-16,CUST0122,Keyboard,2,100,11.09,Delivered,Accessories,8,16,2023,False,11.09
2023-10-22,CUST0242,Smartwatch,5,1000,10.84,Delivered,Wearables,10,22,2023,True,1.084
2023-08-24,CUST0079,Laptop,4,6000,5.57,Delivered,Electronics,8,24,2023,False,0.09283333333333334
2023-10-27,CUST0216,Mouse,2,60,8.58,Returned,Accessories,10,27,2023,False,14.299999999999999
2023-11-26,CUST0016,Keyboard,3,150,10.05,Delivered,Accessories,11,26,2023,True,6.7
2023-02-17,CUST0196,Smartwatch,2,400,18.38,Delivered,Wearables,2,17,2023,False,4.595
2023-11-09,CUST0148,Monitor,3,900,19.76,Delivered,Electronics,11,9,2023,False,2.195555555555556
2023-06-10,CUST0295,Mouse,1,30,13.87,Delivered,Accessories,6,10,2023,True,46.233333333333334
2023-04-13,CUST0048,Smartwatch,3,600,16.93,Delivered,Wearables,4,13,2023,False,2.8216666666666668
2023-04-25,CUST0115,Mouse,3,90,6.18,Delivered,Accessories,4,25,2023,False,6.866666666666667
2023-03-03,CUST0264,Smartphone,4,3200,17.44,Delivered,Electronics,3,3,2023,False,0.545
2023-03-14,CUST0216,Monitor,3,900,12.14,Returned,Electronics,3,14,2023,False,1.3488888888888888
2023-04-03,CUST0029,Monitor,1,300,17.09,Delivered,Electronics,4,3,2023,False,5.696666666666666
2023-04-02,CUST0180,Keyboard,1,50,11.23,Delivered,Accessories,4,2,2023,True,22.46
2023-07-08,CUST0184,Smartphone,5,4000,5.41,Returned,Electronics,7,8,2023,True,0.13525
2023-04-20,CUST0290,Headphones,5,500,6.55,Returned,Accessories,4,20,2023,False,1.3099999999999998
2023-10-19,CUST0228,Smartwatch,2,400,6.46,Delivered,Wearables,10,19,2023,False,1.6150000000000002
2023-05-14,CUST0243,Monitor,4,1200,14.16,Delivered,Electronics,5,14,2023,True,1.18
2023-09-29,CUST0242,Smartwatch,3,600,14.74,Returned,Wearables,9,29,2023,False,2.4566666666666666
2023-12-26,CUST0142,Laptop,1,1500,6.92,Delivered,Electronics,12,26,2023,False,0.4613333333333333
2023-06-08,CUST0131,Mouse,1,30,13.84,Delivered,Accessories,6,8,2023,False,46.13333333333333
2023-06-03,CUST0126,Keyboard,4,200,10.69,Delivered,Accessories,6,3,2023,True,5.345
2023-11-30,CUST0265,Headphones,3,300,8.2,Returned,Accessories,11,30,2023,False,2.733333333333333
2023-02-14,CUST0003,Mouse,3,90,9.04,Delivered,Accessories,2,14,2023,False,10.044444444444443
2023-07-02,CUST0212,Keyboard,2,100,8.68,Delivered,Accessories,7,2,2023,True,8.68
2023-06-13,CUST0106,Smartphone,1,800,7.34,Delivered,Electronics,6,13,2023,False,0.9174999999999999
2023-03-28,CUST0118,Monitor,4,1200,11.76,Returned,Electronics,3,28,2023,False,0.98
2023-12-24,CUST0126,Headphones,5,500,5.4,Returned,Accessories,12,24,2023,True,1.08
2023-05-24,CUST0292,Mouse,4,120,13.68,Delivered,Accessories,5,24,2023,False,11.4
2023-05-21,CUST0291,Monitor,3,900,15.81,Delivered,Electronics,5,21,2023,True,1.7566666666666668
2023-01-05,CUST0085,Keyboard,5,250,16.0,Delivered,Accessories,1,5,2023,False,6.4
2023-11-19,CUST0166,Mouse,4,120,11.36,Returned,Accessories,11,19,2023,True,9.466666666666667
2023-08-02,CUST0040,Keyboard,5,250,10.46,Returned,Accessories,8,2,2023,False,4.184
2023-06-16,CUST0295,Monitor,1,300,9.06,Returned,Electronics,6,16,2023,False,3.02
2023-02-06,CUST0059,Mouse,3,90,8.3,Returned,Accessories,2,6,2023,False,9.222222222222223
2023-09-28,CUST0281,Headphones,3,300,13.94,Delivered,Accessories,9,28,2023,False,4.6466666666666665
2023-11-07,CUST0019,Smartphone,4,3200,19.42,Delivered,Electronics,11,7,2023,False,0.606875
2023-04-04,CUST0004,Keyboard,5,250,5.92,Returned,Accessories,4,4,2023,False,2.368
2023-11-24,CUST0279,Smartphone,5,4000,15.22,Delivered,Electronics,11,24,2023,False,0.3805
2023-09-19,CUST0069,Headphones,2,200,8.65,Delivered,Accessories,9,19,2023,False,4.325
2023-02-14,CUST0004,Monitor,3,900,9.31,Delivered,Electronics,2,14,2023,False,1.0344444444444445
2023-03-13,CUST0060,Keyboard,3,150,5.55,Delivered,Accessories,3,13,2023,False,3.6999999999999997
2023-08-24,CUST0154,Mouse,1,30,9.26,Returned,Accessories,8,24,2023,False,30.866666666666664
2023-05-01,CUST0259,Monitor,3,900,19.36,Delivered,Electronics,5,1,2023,False,2.1511111111111108
2023-09-23,CUST0203,Laptop,5,7500,16.44,Delivered,Electronics,9,23,2023,True,0.21920000000000003
2023-02-03,CUST0241,Smartphone,4,3200,13.94,Delivered,Electronics,2,3,2023,False,0.435625
2023-12-29,CUST0004,Smartphone,5,4000,15.8,Returned,Electronics,12,29,2023,False,0.395
2023-12-14,CUST0031,Smartphone,3,2400,7.05,Delivered,Electronics,12,14,2023,False,0.29375
2023-02-13,CUST0144,Mouse,4,120,14.5,Delivered,Accessories,2,13,2023,False,12.083333333333334
2023-03-26,CUST0031,Mouse,2,60,12.54,Delivered,Accessories,3,26,2023,True,20.9
2023-08-03,CUST0218,Smartphone,2,1600,16.62,Delivered,Electronics,8,3,2023,False,1.03875
2023-09-12,CUST0234,Laptop,5,7500,18.67,Returned,Electronics,9,12,2023,False,0.24893333333333334
2023-07-21,CUST0050,Laptop,1,1500,13.51,Delivered,Electronics,7,21,2023,False,0.9006666666666666
2023-01-05,CUST0140,Mouse,3,90,12.43,Delivered,Accessories,1,5,2023,False,13.81111111111111
2023-06-28,CUST0044,Smartwatch,4,800,13.9,Returned,Wearables,6,28,2023,False,1.7375000000000003
2023-05-03,CUST0093,Monitor,5,1500,18.92,Delivered,Electronics,5,3,2023,False,1.2613333333333334
2023-07-23,CUST0258,Monitor,1,300,9.04,Delivered,Electronics,7,23,2023,True,3.013333333333333
2023-12-13,CUST0133,Smartwatch,1,200,12.27,Delivered,Wearables,12,13,2023,False,6.135
2023-05-22,CUST0271,Keyboard,5,250,19.63,Delivered,Accessories,5,22,2023,False,7.851999999999999
2023-12-12,CUST0121,Keyboard,3,150,10.21,Returned,Accessories,12,12,2023,False,6.8066666666666675
2023-01-28,CUST0028,Monitor,4,1200,14.64,Delivered,Electronics,1,28,2023,True,1.22
2023-11-28,CUST0125,Smartwatch,3,600,6.36,Returned,Wearables,11,28,2023,False,1.06
2023-12-02,CUST0137,Monitor,3,900,9.79,Delivered,Electronics,12,2,2023,True,1.0877777777777775
2023-05-29,CUST0240,Keyboard,1,50,6.14,Delivered,Accessories,5,29,2023,False,12.28
2023-05-16,CUST0268,Monitor,4,1200,10.03,Delivered,Electronics,5,16,2023,False,0.8358333333333332
2023-08-01,CUST0066,Headphones,3,300,9.91,Delivered,Accessories,8,1,2023,False,3.3033333333333332
2023-07-31,CUST0068,Mouse,1,30,19.22,Delivered,Accessories,7,31,2023,False,64.06666666666666
2023-07-11,CUST0221,Keyboard,3,150,10.81,Delivered,Accessories,7,11,2023,False,7.206666666666667
2023-01-26,CUST0266,Laptop,2,3000,16.23,Delivered,Electronics,1,26,2023,False,0.541
2023-11-14,CUST0129,Smartphone,5,4000,15.97,Delivered,Electronics,11,14,2023,False,0.39925000000000005
2023-02-26,CUST0113,Monitor,5,1500,19.39,Returned,Electronics,2,26,2023,True,1.2926666666666669
2023-07-26,CUST0240,Smartphone,3,2400,9.92,Delivered,Electronics,7,26,2023,False,0.41333333333333333
2023-06-07,CUST0003,Smartwatch,4,800,10.23,Delivered,Wearables,6,7,2023,False,1.27875
2023-05-29,CUST0272,Smartphone,1,800,10.65,Delivered,Electronics,5,29,2023,False,1.33125
2023-06-11,CUST0276,Monitor,5,1500,8.06,Delivered,Electronics,6,11,2023,True,0.5373333333333333
2023-02-12,CUST0209,Keyboard,5,250,5.88,Delivered,Accessories,2,12,2023,True,2.352
2023-12-18,CUST0014,Monitor,1,300,7.32,Returned,Electronics,12,18,2023,False,2.44
2023-07-17,CUST0186,Smartphone,1,800,18.74,Returned,Electronics,7,17,2023,False,2.3425
2023-05-20,CUST0198,Laptop,2,3000,19.05,Returned,Electronics,5,20,2023,True,0.635
2023-01-04,CUST0043,Keyboard,4,200,11.99,Delivered,Accessories,1,4,2023,False,5.995
2023-12-10,CUST0071,Monitor,1,300,6.17,Delivered,Electronics,12,10,2023,True,2.0566666666666666
2023-11-17,CUST0131,Smartphone,3,2400,7.3,Delivered,Electronics,11,17,2023,False,0.30416666666666664
2023-08-26,CUST0131,Laptop,4,6000,18.27,Delivered,Electronics,8,26,2023,True,0.3045
2023-02-10,CUST0232,Laptop,1,1500,12.37,Delivered,Electronics,2,10,2023,False,0.8246666666666667
2023-01-10,CUST0109,Smartwatch,3,600,5.88,Delivered,Wearables,1,10,2023,False,0.98
2023-07-19,CUST0189,Keyboard,5,250,12.92,Returned,Accessories,7,19,2023,False,5.167999999999999
2023-03-27,CUST0299,Mouse,2,60,9.71,Returned,Accessories,3,27,2023,False,16.183333333333337
2023-08-20,CUST0270,Smartwatch,5,1000,19.0,Returned,Wearables,8,20,2023,True,1.9
2023-07-22,CUST0031,Mouse,3,90,7.63,Delivered,Accessories,7,22,2023,True,8.477777777777778
2023-10-10,CUST0240,Mouse,5,150,5.6,Returned,Accessories,10,10,2023,False,3.733333333333333
2023-05-30,CUST0176,Keyboard,4,200,19.42,Delivered,Accessories,5,30,2023,False,9.71
2023-10-16,CUST0252,Smartwatch,5,1000,13.29,Delivered,Wearables,10,16,2023,False,1.329
2023-05-04,CUST0225,Mouse,3,90,15.46,Delivered,Accessories,5,4,2023,False,17.177777777777777
2023-11-02,CUST0238,Mouse,2,60,16.34,Returned,Accessories,11,2,2023,False,27.23333333333333
2023-01-09,CUST0276,Headphones,4,400,7.41,Delivered,Accessories,1,9,2023,False,1.8525
2023-02-20,CUST0255,Monitor,1,300,13.28,Delivered,Electronics,2,20,2023,False,4.426666666666666
2023-07-31,CUST0133,Smartphone,4,3200,8.88,Delivered,Electronics,7,31,2023,False,0.2775
2023-06-25,CUST0097,Smartwatch,3,600,5.87,Returned,Wearables,6,25,2023,True,0.9783333333333333
2023-03-15,CUST0239,Headphones,4,400,11.97,Delivered,Accessories,3,15,2023,False,2.9925
2023-10-08,CUST0226,Headphones,2,200,15.85,Returned,Accessories,10,8,2023,True,7.925
2023-07-02,CUST0068,Keyboard,5,250,13.3,Returned,Accessories,7,2,2023,True,5.32
2023-07-30,CUST0149,Monitor,4,1200,17.21,Delivered,Electronics,7,30,2023,True,1.4341666666666668
2023-01-11,CUST0257,Mouse,2,60,19.03,Delivered,Accessories,1,11,2023,False,31.716666666666672
2023-08-03,CUST0299,Smartwatch,4,800,9.43,Returned,Wearables,8,3,2023,False,1.17875
2023-09-25,CUST0123,Smartwatch,2,400,5.97,Delivered,Wearables,9,25,2023,False,1.4925
2023-11-30,CUST0231,Laptop,5,7500,5.11,Returned,Electronics,11,30,2023,False,0.06813333333333334
2023-10-20,CUST0217,Mouse,3,90,11.7,Returned,Accessories,10,20,2023,False,13.0
2023-01-01,CUST0142,Headphones,5,500,12.38,Returned,Accessories,1,1,2023,True,2.476
2023-08-05,CUST0200,Smartphone,4,3200,17.32,Returned,Electronics,8,5,2023,True,0.54125
2023-01-04,CUST0079,Smartwatch,2,400,7.14,Returned,Wearables,1,4,2023,False,1.7849999999999997
2023-01-05,CUST0201,Headphones,1,100,17.21,Delivered,Accessories,1,5,2023,False,17.21
2023-04-01,CUST0133,Laptop,1,1500,19.19,Delivered,Electronics,4,1,2023,True,1.2793333333333334
2023-10-20,CUST0055,Mouse,5,150,19.35,Delivered,Accessories,10,20,2023,False,12.9
2023-01-07,CUST0023,Laptop,5,7500,10.36,Returned,Electronics,1,7,2023,True,0.1381333333333333
2023-01-30,CUST0040,Smartwatch,1,200,7.53,Delivered,Wearables,1,30,2023,False,3.765
